Titlu,Are reducere,Reducere,Pret actual,Pret vechi,Status produs,Link produs,Specificatii produs
Laptop LENOVO Legion Y520-15IKBN,DA,800 lei,3099.9 lei,"3.899,90 lei",In Stoc,https://altex.ro/laptop-lenovo-legion-y520-15ikbn-intelr-coretm-i7-7700hq-pana-la-3-8ghz-15-6-ips-full-hd-8gb-1tb-nvidia-geforce-gtx-1050-4gb-free-dos/cpd/LAP80WK007URI/,"Procesor Intel® Core™ i7-7700HQ Processor (6M Cache up to 3.8GHz), 15.6"" IPS Full HD, 8GB, 1TB, NVIDIA GeForce GTX 1050 4GB, Free Dos"
Laptop Lenovo IdeaPad 330-15IKBR,DA,360 lei,1699.9 lei,"2.059,90 lei",In Stoc,https://altex.ro/laptop-lenovo-ideapad-330-15ikbr-intel-core-i5-8250u-pana-la-3-4ghz-15-6-full-hd-4gb-1tb-intel-uhd-graphics-620-free-dos/cpd/LAP81DE017ARM/,"Procesor Intel Core i5-8250U pana la 3.4GHz, 15.6"" Full HD, 4GB, 1TB, Intel UHD Graphics 620, Free Dos"
Laptop ASUS X542UA-DM833,DA,500 lei,2399.9 lei,"2.899,90 lei",In Stoc,https://altex.ro/laptop-asus-x542ua-dm833-intelr-coretm-i7-8550u-pana-la-4-0ghz-15-6-full-hd-8gb-ssd-256gb-intelr-uhd-graphics-620-endless/cpd/LAPX542UADM833/,"Procesor Intel® Core™ i7-8550U pana la 4.0GHz, 15.6"" Full HD, 8GB, SSD 256GB, Intel® UHD Graphics 620, Endless"
Laptop LENOVO IdeaPad 330-15IGM,DA,24%,797.92 lei,"1.049,90 lei",In Stoc,https://altex.ro/laptop-lenovo-ideapad-330-15igm-intel-celeron-n4000-pana-la-2-6ghz-15-6-hd-4gb-500gb-intel-hd-graphics-600-free-dos/cpd/LAP81D100ECRM/,"Procesor Intel Celeron N4000 pana la 2.6GHz, 15.6"" HD, 4GB, 500GB, Intel HD Graphics 600, Free Dos"
Laptop Gaming HP Pavilion 15-bc414nq,DA,600 lei,2699.9 lei,"3.299,90 lei",In Stoc,https://altex.ro/laptop-gaming-hp-pavilion-15-bc414nq-intel-core-i5-8250u-pana-la-3-4ghz-15-6-full-hd-8gb-1tb-nvidia-geforce-gtx-1050-4gb-free-dos/cpd/LAP5ES99EA/,"Procesor Intel Core i5-8250U pana la 3.4GHz, 15.6"" Full HD, 8GB, 1TB, NVIDIA GeForce GTX 1050 4GB, Free Dos"
Laptop HP 15-da0138nq,DA,600 lei,1399.9 lei,"1.999,90 lei",In Stoc,https://altex.ro/laptop-hp-15-da0138nq-intelr-coretm-i3-7100u-2-4ghz-15-6-full-hd-4gb-1tb-intelr-hd-graphics-620-free-dos/cpd/LAP5GV29EA/,"Procesor Intel® Core™ i3-7100U 2.4GHz, 15.6"" Full HD, 4GB, 1TB, Intel® HD Graphics 620, Free Dos"
Laptop ASUS A541NA-GO342T,DA,30%,1189.93 lei,"1.699,90 lei",In Stoc,https://altex.ro/laptop-asus-a541na-go342t-intel-celeron-n3350-pana-la-2-4ghz-15-6-4gb-500gb-intel-hd-graphics-500-windows-10-home/cpd/LAPA541NAGO342T/,"Procesor Intel Celeron N3350 pana la 2.4GHz, 15.6"", 4GB, 500GB, Intel HD Graphics 500, Windows 10 Home"
Laptop HP 15-da0040nq,DA,22%,2183.92 lei,"2.799,90 lei",In Stoc,https://altex.ro/laptop-hp-15-da0040nq-intelr-coretm-i5-8250u-pana-la-3-4ghz-15-6-full-hd-8gb-1tb-nvidia-gefoce-mx130-4gb-free-dos/cpd/LAP4MF94EA/,"Procesor Intel® Core™ i5-8250U pana la 3.4GHz, 15.6"" Full HD, 8GB, 1TB, NVIDIA GeFoce MX130 4GB, Free Dos"
Laptop LENOVO Legion Y520-15IKBM,DA,500 lei,3399.9 lei,"3.899,90 lei",In Stoc,https://altex.ro/laptop-lenovo-legion-y520-15ikbm-intel-core-i5-7300hq-pana-la-3-5ghz-15-6-full-hd-8gb-1tb-nvidia-geforce-gtx-1060-3gb-free-dos/cpd/LAP80YY000SRI/,"Procesor Intel Core i5-7300HQ pana la 3.5GHz, 15.6""  Full HD, 8GB, 1TB, NVIDIA GeForce GTX 1060 3GB, Free Dos"
Laptop Gaming ASUS ROG Strix GL503VD-FY004,DA,699 lei,3399.9 lei,"4.099,90 lei",In Stoc,https://altex.ro/laptop-gaming-asus-rog-strix-gl503vd-fy004-intelr-coretm-i7-7700hq-pana-la-3-8ghz-15-6-full-hd-8gb-1tb-8gb-cache-nvidia-geforce-gtx-1050-4gb-free-dos/cpd/LAPGL503VDFY004/,"Procesor Intel® Core™ i7-7700HQ pana la 3.8GHz, 15.6"" Full HD, 8GB, 1TB + 8GB cache, NVIDIA GeForce GTX 1050 4GB, Free Dos"
Laptop LENOVO V110-15ISK,DA,20%,1199.92 lei,"1.499,90 lei",In Stoc,https://altex.ro/laptop-lenovo-v110-15isk-intelr-coretm-i3-6006u-2-0ghz-15-6-4gb-1tb-intelr-hd-graphics-520-free-dos/cpd/LAP80TL017PRI/,"Procesor Intel® Core™ i3-6006U 2.0GHz, 15.6"", 4GB, 1TB, Intel® HD Graphics 520, Free Dos"
Laptop 2 in 1 HP Pavilion x360 15-cr0009nq,NU,,2749.9 lei,,In Stoc,https://altex.ro/laptop-2-in-1-hp-pavilion-x360-15-cr0009nq-intel-core-i3-8130u-pana-la-3-4ghz-15-6-full-hd-touch-4gb-1tb-intel-uhd-graphics-620-windows-10-home/cpd/TPC4DJ65EA/,"Procesor Intel Core i3-8130U pana la 3.4GHz, 15.6"" Full HD Touch, 4GB, 1TB, Intel UHD Graphics 620, Windows 10 Home"
Laptop ASUS ROG GL703VM-BA182,DA,800 lei,4899.9 lei,"5.699,90 lei",In Stoc,https://altex.ro/laptop-asus-rog-gl703vm-ba182-intelr-coretm-i7-7700hq-pana-la-3-8ghz-17-3-full-hd-8gb-hdd-1tb-ssd-128gb-nvidia-geforce-gtx-1060-6gb-free-dos/cpd/LAPGL703VMBA182/,"Procesor Intel® Core™ i7-7700HQ pana la 3.8GHz, 17.3"" Full HD, 8GB, HDD 1TB + SSD 128GB, NVIDIA GeForce GTX 1060 6GB, Free Dos"
Laptop ACER Aspire 1 A114-32-C75D,DA,22%,896.92 lei,"1.149,90 lei",In Stoc,https://altex.ro/laptop-acer-aspire-1-a114-32-c75d-intel-celeron-n4100-pana-la-2-4ghz-4gb-ddr4-emmc-64gb-intelr-uhd-graphics-600-windows-10-s/cpd/LAPNXGVZEX002/,"Procesor Intel Celeron N4100 pana la 2.4GHz, 4GB DDR4, eMMC 64GB, Intel® UHD Graphics 600, Windows 10 S"
Laptop ASUS A541NA-GO342,DA,23%,846.92 lei,"1.099,90 lei",In Stoc,https://altex.ro/laptop-asus-a541na-go342-intelr-celeronr-n3350-pana-la-2-4ghz-15-6-4gb-500gb-intelr-hd-graphics-500-endless/cpd/LAPA541NAGO342/,"Procesor Intel® Celeron® N3350 pana la 2.4GHz, 15.6"", 4GB, 500GB, Intel® HD Graphics 500, Endless"
Laptop Gaming ASUS FX504GE-EN619,DA,700 lei,4299.9 lei,"4.999,90 lei",In Stoc,https://altex.ro/laptop-gaming-asus-fx504ge-en619-intel-core-i7-8750h-pana-la-4-1ghz-15-6-full-hd-8gb-hdd-1tb-ssd-256gb-nvidia-geforce-gtx-1050-ti-4gb-free-dos-metal-gun/cpd/LAPFX504GEEN619/,"Procesor Intel Core i7-8750H pana la 4.1GHz, 15.6"" Full HD, 8GB, HDD 1TB + SSD 256GB, NVIDIA GeForce GTX 1050 Ti 4GB, Free Dos, Metal Gun"
Laptop HP ProBook 470 G5,DA,700 lei,4199.9 lei,"4.899,90 lei",In Stoc,https://altex.ro/laptop-hp-probook-470-g5-intelr-coretm-i7-8550u-pana-la-4-0ghz-17-3-full-hd-8gb-1tb-ssd-256gb-nvidia-geforce-930mx-2gb-windows-10-pro/cpd/LAP2RR84EA/,"Procesor Intel® Core™ i7-8550U pana la 4.0GHz, 17.3"" Full HD, 8GB, 1TB + SSD 256GB, NVIDIA GeForce 930MX 2GB, Windows 10 Pro"
Laptop ACER Nitro 5 AN515-31-52DR,DA,300 lei,2499.9 lei,"2.799,90 lei",In Stoc,https://altex.ro/laptop-acer-nitro-5-an515-31-52dr-intelr-coretm-i5-8250u-pana-la-3-4ghz-15-6-full-hd-8gb-1tb-nvidia-geforce-mx150-2gb-linux/cpd/LAPNHQ2XEX003/,"Procesor Intel® Core™ i5-8250U pana la 3.4GHz, 15.6"" Full HD, 8GB, 1TB, NVIDIA GeForce MX150 2GB, Linux"
Laptop 2 in 1 LENOVO Yoga Book YB1-X91L,DA,40%,1979.94 lei,"3.299,90 lei",In Stoc,https://altex.ro/laptop-2-in-1-lenovo-yoga-book-yb1-x91l-4g-lte-10-1-touch-full-hd-intelr-atomtm-x5-z8550-pana-la-2-4ghz-4gb-emmc-128gb-intelr-hd-graphics-400-windows-10-pro/cpd/TPCZA160087RO/,"Procesor 4G LTE, 10.1"" Touch Full HD, Intel® Atom™ x5-Z8550 pana la 2.4GHz, 4GB, eMMC 128GB, Intel® HD Graphics 400, Windows 10 Pro"
Laptop 2 in 1 MYRIA MY8312PK,DA,150 lei,1549.9 lei,"1.699,90 lei",In Stoc,https://altex.ro/laptop-2-in-1-myria-my8312pk-intel-pentium-n4200-pana-la-2-5ghz-13-3-touch-4gb-ssd-256gb-intelr-hd-graphics-free-dos/cpd/TPCMY8312PK/,"Procesor Intel Pentium N4200 pana la 2.5GHz, 13.3"" Touch, 4GB, SSD 256GB, Intel® HD Graphics, Free Dos"
Laptop ASUS X540UA-GO591T,DA,350 lei,1499.9 lei,"1.849,90 lei",In Stoc,https://altex.ro/laptop-asus-x540ua-go591t-intel-pentium-4405u-pana-la-2-1ghz-15-6-hd-4gb-500gb-intelr-hd-graphics-510-windows-10-home/cpd/LAPX540UAGO591T/,"Procesor Intel Pentium 4405U pana la 2.1GHz, 15.6"" HD, 4GB, 500GB, Intel® HD Graphics 510, Windows 10 Home"
Laptop ASUS X541NA-GO008,DA,200 lei,999.9 lei,"1.199,90 lei",In Stoc,https://altex.ro/laptop-asus-x541na-go008-intelr-celeronr-n3350-pana-la-2-4ghz-15-6-4gb-500gb-intelr-hd-graphics-500-endless/cpd/LAPX541NAGO008/,"Procesor Intel® Celeron® N3350 pana la 2.4GHz, 15.6"", 4GB, 500GB, Intel® HD Graphics 500, Endless"
Laptop MYRIA MY8306,NU,,599.9 lei,,In Stoc,https://altex.ro/laptop-myria-my8306-intelr-celeronr-n3350-pana-la-2-4ghz-14-1-ips-hd-4gb-emmc-32gb-intelr-hd-graphics-500-windows-10-home/cpd/LAPMY8306/,"Procesor Intel® Celeron® N3350 pana la 2.4GHz, 14.1"" IPS HD, 4GB, eMMC 32GB, Intel® HD Graphics 500, Windows 10 Home"
Laptop Gaming ASUS ROG Strix Scar II GL504GM-ES040,NU,,6999.9 lei,,In Stoc,https://altex.ro/laptop-gaming-asus-rog-strix-scar-ii-gl504gm-es040-intel-core-i7-8750h-pana-la-4-1ghz-15-6-full-hd-16gb-sshd-1tb-ssd-128gb-nvidia-geforce-gtx-1060-6gb-free-dos/cpd/LAPGL504GMES040/,"Procesor Intel Core i7-8750H pana la 4.1GHz, 15.6"" Full HD, 16GB, SSHD 1TB + SSD 128GB, NVIDIA GeForce GTX 1060 6GB, Free Dos"
Laptop 2 in 1 DELL Inspiron 5379,DA,599 lei,3899.9 lei,"4.499,90 lei",In Stoc,https://altex.ro/laptop-2-in-1-dell-inspiron-5379-intelr-coretm-i5-8250u-pana-la-3-4ghz-13-3-full-hd-touch-8gb-ssd-256gb-intelr-uhd-graphics-620-windows-10-pro/cpd/TPC53798988/,"Procesor Intel® Core™ i5-8250U pana la 3.4GHz, 13.3"" Full HD Touch, 8GB, SSD 256GB, Intel® UHD Graphics 620, Windows 10 Pro"
Laptop Gaming MSI GL62MVR 7RFX,DA,699 lei,3799.9 lei,"4.499,90 lei",In Stoc,https://altex.ro/laptop-gaming-msi-gl62mvr-7rfx-intelr-coretm-i5-7300hq-pana-la-3-5ghz-15-6-full-hd-8gb-ssd-256gb-nvidia-geforcer-gtx-1060-3gb-windows-10-home/cpd/LAPGL62MVR7RFX/,"Procesor Intel® Core™ i5-7300HQ pana la 3.5GHz, 15.6"" Full HD, 8GB, SSD 256GB, NVIDIA GeForce® GTX 1060 3GB, Windows 10 Home"
Laptop ASUS X560UD-BQ161,DA,400 lei,3199.9 lei,"3.599,90 lei",In Stoc,https://altex.ro/laptop-asus-x560ud-bq161-intelr-coretm-i5-8250u-pana-la-3-4ghz-15-6-full-hd-8gb-sshd-1tb-8gb-cache-nvidia-geforce-gtx-1050-4gb-endless/cpd/LAPX560UDBQ161/,"Procesor Intel® Core™ i5-8250U pana la 3.4GHz, 15.6"" Full HD, 8GB, SSHD 1TB + 8GB cache, NVIDIA GeForce GTX 1050 4GB, Endless"
Laptop Gaming ASUS FX504GD-E4437,DA,500 lei,2999.9 lei,"3.499,90 lei",In Stoc,https://altex.ro/laptop-gaming-asus-fx504gd-e4437-intel-core-i5-8300h-pana-la-3-9ghz-15-6-full-hd-8gb-1tb-nvidia-geforce-gtx-1050-2gb-free-dos/cpd/LAPFX504GDE4437/,"Procesor Intel Core i5-8300H pana la 3.9GHz, 15.6"" Full HD, 8GB, 1TB, NVIDIA GeForce GTX 1050 2GB, Free Dos"
Laptop LENOVO IdeaPad 530S-14IKB,DA,200 lei,2999.9 lei,"3.199,90 lei",In Stoc,https://altex.ro/laptop-lenovo-ideapad-530s-14ikb-intel-core-i5-8250u-pana-la-3-4ghz-14-full-hd-8gb-ssd-256gb-intel-uhd-graphics-620-free-dos/cpd/TPC81EU00C0RM/,"Procesor Intel Core i5-8250U pana la 3.4GHz, 14"" Full HD, 8GB, SSD 256GB, Intel UHD Graphics 620, Free Dos"
Laptop ACER Aspire S13 S5-371-514H,DA,1300 lei,2699.9 lei,"3.999,90 lei",In Stoc,https://altex.ro/laptop-acer-aspire-s13-s5-371-514h-intelr-coretm-i5-7200u-pana-la-3-1ghz-13-3-full-hd-8gb-ssd-256gb-intelr-hd-graphics-620-windows-10-home/cpd/LAPNXGHXEX007/,"Procesor Intel® Core™ i5-7200U pana la 3.1GHz, 13.3"" Full HD, 8GB, SSD 256GB, Intel® HD Graphics 620, Windows 10 Home"
Laptop LENOVO IdeaPad 530S-14ARR,NU,,2499.9 lei,,In Stoc,https://altex.ro/laptop-lenovo-ideapad-530s-14arr-amd-ryzen-5-2500u-pana-la-3-6ghz-14-full-hd-8gb-ssd-256gb-amd-radeon-vega-8-free-dos/cpd/TPC81H10031RM/,"Procesor AMD Ryzen 5 2500U pana la 3.6GHz, 14"" Full HD, 8GB, SSD 256GB, AMD Radeon Vega 8, Free Dos"
Laptop DELL Inspiron 3576,NU,,2299.9 lei,,In Stoc,https://altex.ro/laptop-dell-inspiron-3576-intel-core-i5-8250u-pana-la-3-4ghz-15-6-full-hd-4gb-1tb-amd-radeon-520-2gb-ubuntu-negru/cpd/LAP35766628/,"Procesor Intel Core i5-8250U pana la 3.4GHz, 15.6"" Full HD, 4GB, 1TB, AMD Radeon 520 2GB, Ubuntu, negru"
Laptop ACER Aspire A315-41-R6B8,DA,300 lei,2199.9 lei,"2.499,90 lei",In Stoc,https://altex.ro/laptop-acer-aspire-a315-41-r6b8-amd-ryzen-7-2700u-pana-la-3-8ghz-15-6-full-hd-8gb-1tb-amd-radeon-rx-vega-10-linux/cpd/LAPNXGY9EX017/,"Procesor AMD Ryzen 7 2700U pana la 3.8GHz, 15.6"" Full HD, 8GB, 1TB, AMD Radeon RX Vega 10, Linux"
Laptop Lenovo IdeaPad 330S-15ARR,DA,300 lei,1599.9 lei,"1.899,90 lei",In Stoc,https://altex.ro/laptop-lenovo-ideapad-330s-15arr-amd-ryzen-5-2500u-pana-la-3-6ghz-15-6-fhd-4gb-1tb-radeon-vega-8-free-dos/cpd/LAP81FB005URM/,"Procesor AMD RYZEN 5 2500U pana la 3.6GHz, 15.6"" FHD, 4GB, 1TB, Radeon Vega 8, Free Dos"
Laptop ASUS A541UV-DM1575,DA,200 lei,1599.9 lei,"1.799,90 lei",In Stoc,https://altex.ro/laptop-asus-a541uv-dm1575-intel-core-i3-7100u-2-4ghz-15-6-full-hd-4gb-1tb-nvidia-geforce-920mx-2gb-endless/cpd/LAPA541UVDM1575/,"Procesor Intel Core i3-7100U 2.4GHz, 15.6"" Full HD, 4GB, 1TB, NVIDIA GeForce 920MX 2GB, Endless"
Laptop ASUS A505ZA-BR262,DA,300 lei,1499.9 lei,"1.799,90 lei",In Stoc,https://altex.ro/laptop-asus-a505za-br262-amd-ryzentm-3-2200u-pana-la-3-4ghz-15-6-hd-4gb-ssd-256gb-amd-radeontm-vega-3-endless/cpd/LAPA505ZABR262/,"Procesor AMD Ryzen™ 3 2200U pana la 3.4GHz, 15.6"" HD, 4GB, SSD 256GB, AMD Radeon™ Vega 3, Endless"
Laptop ASUS A505ZA-BR156,DA,24%,1291.92 lei,"1.699,90 lei",In Stoc,https://altex.ro/laptop-asus-a505za-br156-amd-ryzentm-3-2200u-pana-la-3-4ghz-15-6-hd-4gb-1tb-amd-radeontm-vega-3-endless/cpd/LAPA505ZABR156/,"Procesor AMD Ryzen™ 3 2200U pana la 3.4GHz, 15.6"" HD, 4GB, 1TB, AMD Radeon™ Vega 3, Endless"
Laptop ASUS A541NA-GO182,DA,20%,1039.92 lei,"1.299,90 lei",In Stoc,https://altex.ro/laptop-asus-a541na-go182-intelr-pentiumr-n4200-pana-la-2-5ghz-15-6-4gb-500gb-intelr-hd-graphics-505-endless/cpd/LAPA541NAGO182/,"Procesor Intel® Pentium® N4200 pana la 2.5GHz, 15.6"", 4GB, 500GB, Intel® HD Graphics 505, Endless"
Laptop 2 in 1 LENOVO Miix 310-10ICR,DA,300 lei,799.9 lei,"1.099,90 lei",In Stoc,https://altex.ro/laptop-2-in-1-lenovo-miix-310-10icr-intelr-atomtm-x5-z8350-1-44ghz-10-1-2gb-emmc-64gb-intelr-hd-graphics-windows-10/cpd/TPC80SG005HRI/,"Procesor Intel® Atom™ x5-Z8350 1.44GHz, 10.1"", 2GB, eMMC 64GB, Intel® HD Graphics, Windows 10"
Laptop Gaming ASUS ROG G703GI-E5036T,DA,1500 lei,14499.9 lei,"15.999,90 lei",In Stoc,https://altex.ro/laptop-gaming-asus-rog-g703gi-e5036t-intel-core-i7-8750h-pana-la-3-9ghz-17-3-full-hd-32gb-sshd-1tb-ssd-2-x-256gb-nvidia-geforce-gtx1080-8gb-windows-10-home/cpd/LAPG703GIE5036T/,"Procesor Intel Core i7-8750H pana la 3.9GHz, 17.3"" Full HD, 32GB, SSHD 1TB + SSD 2 x 256GB, NVIDIA GeForce GTX1080 8GB, Windows 10 Home"
Laptop Gaming ASUS ROG Strix Scar GL703GS-E5039R,DA,1000 lei,9999.9 lei,"10.999,90 lei",In Stoc,https://altex.ro/laptop-gaming-asus-rog-strix-scar-gl703gs-e5039r-17-3-full-hd-intel-core-i7-8750h-pana-la-4-1ghz-32gb-sshd-1tb-ssd-256gb-nvidia-geforce-gtx-1070-8gb-windows-10-pro/cpd/LAPGL703GSE5039/,"Procesor 17.3"" Full HD, Intel Core i7-8750H pana la 4.1GHz, 32GB, SSHD 1TB + SSD 256GB, NVIDIA GeForce GTX 1070 8GB, Windows 10 Pro"
Laptop ASUS ROG ZEPHYRUS GM501GS-EI003T,DA,1000 lei,9499.9 lei,"10.499,90 lei",In Stoc,https://altex.ro/laptop-asus-rog-zephyrus-gm501gs-ei003t-intelr-core-i7-8750h-pana-la-4-1ghz-15-6-full-hd-16gb-sshd-1tb-ssd-256gb-nvidia-geforce-gtx-1070-8gb-windows-10/cpd/LAPGM501GSEI003/,"Procesor Intel® Core i7-8750H pana la 4.1GHz, 15.6"" Full HD, 16GB, SSHD 1TB + SSD 256GB, NVIDIA GeForce GTX 1070 8GB, Windows 10"
Laptop ASUS ZenBook Pro 15 UX580GE-BN020R,DA,900 lei,7999.9 lei,"8.899,90 lei",In Stoc,https://altex.ro/laptop-asus-zenbook-pro-15-ux580ge-bn020r-intelr-coretm-i7-8750h-pana-la-4-1ghz-15-6-full-hd-16gb-ssd-512gb-nvidia-geforce-gtx-1050-ti-4gb-windows-10-pro/cpd/LAPUX580GEBN020/,"Procesor Intel® Core™ i7-8750H pana la 4.1GHz, 15.6"" Full HD, 16GB, SSD 512GB, NVIDIA GeForce GTX 1050 Ti 4GB, Windows 10 Pro"
Laptop APPLE MacBook Air 13 mre92ro/a,NU,,7599.9 lei,,In Stoc,https://altex.ro/laptop-apple-macbook-air-13-mre92ro-a-intel-core-i5-pana-la-3-6ghz-13-3-ips-retina-8gb-ssd-256gb-intel-uhd-graphics-617-macos-mojave-layout-ro-space-gray/cpd/LAPMRE92ROA/,"Procesor Intel Core i5 pana la 3.6GHz, 13.3"" IPS Retina, 8GB, SSD 256GB, Intel UHD Graphics 617, macOS Mojave, Layout RO, Space Gray"
Laptop LENOVO Legion Y730-17ICH,NU,,7499.9 lei,,In Stoc,https://altex.ro/laptop-lenovo-legion-y730-17ich-intelr-coretm-i7-8750h-pana-la-4-1ghz-17-3-full-hd-16gb-hdd-1tb-ssd-256gb-nvidia-geforce-gtx-1050-ti-4gb-free-dos/cpd/LAP81HG0028RM/,"Procesor Intel® Core™ i7-8750H pana la 4.1GHz, 17.3"" Full HD, 16GB, HDD 1TB + SSD 256GB, NVIDIA GeForce GTX 1050 Ti 4GB, Free Dos"
Laptop Gaming DELL G5 5587,DA,600 lei,5999.9 lei,"6.599,90 lei",In Stoc,https://altex.ro/laptop-gaming-dell-g5-5587-intelr-coretm-i7-8750h-pana-la-4-1ghz-15-6-full-hd-16gb-1tb-ssd-256gb-nvidia-geforce-gtx-1060-6gb-ubuntu/cpd/LAP55876804/,"Procesor Intel® Core™ i7-8750H pana la 4.1GHz, 15.6"" Full HD, 16GB, 1TB + SSD 256GB, NVIDIA GeForce GTX 1060 6GB, Ubuntu"
Laptop ASUS ZenBook 13 UX331UN-C4088T,NU,,5749.9 lei,,In Stoc,https://altex.ro/laptop-asus-zenbook-13-ux331un-c4088t-intelr-coretm-i7-8550u-pana-la-4-0ghz-13-3-full-hd-8gb-nvidia-geforce-mx150-2gb-windows-10-home-royal-blue/cpd/LAPUX331UNC4088/,"Procesor Intel® Core™ i7-8550U pana la 4.0Ghz, 13.3"" Full HD, 8GB, NVIDIA GeForce MX150 2GB, Windows 10 Home, Royal Blue"
Laptop Gaming ASUS ROG Strix GL503GE-EN035,NU,,4999.9 lei,,In Stoc,https://altex.ro/laptop-gaming-asus-rog-strix-gl503ge-en035-intel-core-i7-8750h-pana-la-4-1ghz-15-6-full-hd-8gb-sshd-1tb-nvidia-geforce-gtx-1050-ti-4gb-free-dos/cpd/LAPGL503GEEN035/,"Procesor Intel Core i7-8750H pana la 4.1GHz, 15.6"" Full HD, 8GB, SSHD 1TB, NVIDIA GeForce GTX 1050 Ti 4GB, Free Dos"
Laptop Gaming MSI GV62 8RD,NU,,4899.9 lei,,In Stoc,https://altex.ro/laptop-gaming-msi-gv62-8rd-intel-core-i7-8750h-pana-la-4-1ghz-15-6-full-hd-8gb-1tb-ssd-128gb-nvidia-geforce-gtx-1050-ti-4gb-free-dos/cpd/LAPGV628RD/,"Procesor Intel Core i7-8750H pana la 4.1GHz, 15.6"" Full HD, 8GB, 1TB + SSD 128GB, NVIDIA GeForce GTX 1050 Ti 4GB, Free Dos"
Laptop DELL Inspiron 5770,DA,400 lei,4599.9 lei,"4.999,90 lei",In Stoc,https://altex.ro/laptop-dell-inspiron-5770-intelr-coretm-i7-8550u-pana-la-4-0ghz-17-3-full-hd-16gb-2tb-ssd-256gb-amd-radeon-530-4gb-ubuntu/cpd/LAP57708582/,"Procesor Intel® Core™ i7-8550U pana la 4.0GHz, 17.3"" Full HD, 16GB, 2TB + SSD 256GB, AMD Radeon 530 4GB, Ubuntu"
Laptop Gaming ASUS FX504GE-EN150,DA,700 lei,4599.9 lei,"5.299,90 lei",In Stoc,https://altex.ro/laptop-gaming-asus-fx504ge-en150-intel-core-i7-8750h-pana-la-4-1ghz-15-6-full-hd-16gb-hdd-1tb-ssd-128gb-nvidia-geforce-gtx-1050-ti-4gb-free-dos/cpd/LAPFX504GEEN150/,"Procesor Intel Core i7-8750H pana la 4.1GHz, 15.6"" Full HD, 16GB, HDD 1TB + SSD 128GB, NVIDIA GeForce GTX 1050 Ti 4GB, Free Dos"
Laptop APPLE MacBook Air mqd32ro/a,DA,300 lei,4499.9 lei,"4.799,90 lei",In Stoc,https://altex.ro/laptop-apple-macbook-air-mqd32ro-a-intelr-coretm-i5-pana-la-2-9ghz-13-3-8gb-128gb-intel-hd-graphics-6000-macos-sierra-tastatura-layout-ro/cpd/LAPMQD32ROA/,"Procesor Intel® Core™ i5 pana la 2.9GHz, 13.3"", 8GB, 128GB, Intel HD Graphics 6000, macOS Sierra  - Tastatura layout RO"
Laptop APPLE MacBook Air mqd32ze/a,DA,300 lei,4499.9 lei,"4.799,90 lei",In Stoc,https://altex.ro/laptop-apple-macbook-air-mqd32ze-a-intelr-coretm-i5-pana-la-2-9ghz-13-3-8gb-128gb-intel-hd-graphics-6000-macos-sierra-tastatura-layout-int/cpd/LAPMQD32ZEA/,"Procesor Intel® Core™ i5 pana la 2.9GHz, 13.3"", 8GB, 128GB, Intel HD Graphics 6000, macOS Sierra  - Tastatura layout INT"
Laptop 2 in 1 HP Pavilion x360 15-cr0027nq,DA,300 lei,3699.9 lei,"3.999,90 lei",In Stoc,https://altex.ro/laptop-2-in-1-hp-pavilion-x360-15-cr0027nq-intel-core-i5-8250u-pana-la-3-4ghz-15-6-full-hd-touch-6gb-1tb-intel-optane-16gb-amd-radeon-530-2gb-windows-10-home/cpd/TPC4DF32EA/,"Procesor Intel Core i5-8250U pana la 3.4GHz, 15.6"" Full HD Touch, 6GB, 1TB + Intel Optane 16GB, AMD Radeon 530 2GB, Windows 10 Home"
Laptop DELL Latitude 5490,DA,399 lei,3699.9 lei,"4.099,90 lei",In Stoc,https://altex.ro/laptop-dell-latitude-5490-intelr-coretm-i5-8250u-pana-la-3-4ghz-14-full-hd-8gb-ssd-256gb-intelr-uhd-graphics-620-ubuntu/cpd/LAP54904901/,"Procesor Intel® Core™ i5-8250U pana la 3.4GHz, 14"" Full HD, 8GB, SSD 256GB, Intel® UHD Graphics 620, Ubuntu"
Laptop ACER Nitro 5 AN515-42-R8VD,DA,600 lei,2999.9 lei,"3.599,90 lei",In Stoc,https://altex.ro/laptop-acer-nitro-5-an515-42-r8vd-amd-ryzentm-7-2700u-pana-la-3-8ghz-15-6-full-hd-8gb-1tb-amd-radeontm-rx-560x-4gb-linux/cpd/LAPNHQ3REX005/,"Procesor AMD Ryzen™ 7 2700U pana la 3.8GHz, 15.6"" Full HD, 8GB, 1TB, AMD Radeon™ RX 560X 4GB, Linux"
Laptop ASUS ZenBook UX430UA-GV183T,DA,800 lei,2999.9 lei,"3.799,90 lei",In Stoc,https://altex.ro/laptop-asus-zenbook-ux430ua-gv183t-intelr-coretm-i5-7200u-pana-la-3-1ghz-14-full-hd-4gb-ssd-256gb-intelr-hd-graphics-620-windows-10/cpd/LAPUX430UAGV183/,"Procesor Intel® Core™ i5-7200U pana la 3.1GHz, 14"" Full HD, 4GB, SSD 256GB, Intel® HD Graphics 620, Windows 10"
Laptop LENOVO IdeaPad 520-15IKB,DA,200 lei,2999.9 lei,"3.199,90 lei",In Stoc,https://altex.ro/laptop-lenovo-ideapad-520-15ikb-intelr-coretm-i5-8250u-pana-la-3-4ghz-15-6-full-hd-8gb-1tb-ssd-128gb-nvidia-geforce-mx150-4gb-free-dos/cpd/LAP81BF009TRI/,"Procesor Intel® Core™ i5-8250U pana la 3.4Ghz, 15.6"" Full HD, 8GB, 1TB + SSD 128GB, NVIDIA GeForce MX150 4GB, Free Dos"
Laptop HP 15-da0063nq,DA,300 lei,2899.9 lei,"3.199,90 lei",In Stoc,https://altex.ro/laptop-hp-15-da0063nq-intel-core-i3-8130u-pana-la-4ghz-15-6-full-hd-12gb-ram-16gb-intel-optane-1tb-hd-graphics-620-windows-10-home/cpd/LAP4UA85EA/,"Procesor Intel Core i3-8130U pana la 4GHz, 15.6"" Full HD, 12GB Ram + 16GB Intel Optane, 1TB, HD Graphics 620, Windows 10 Home"
Laptop DELL Inspiron 3576,DA,300 lei,2799.9 lei,"3.099,90 lei",In Stoc,https://altex.ro/laptop-dell-inspiron-3576-intel-core-i5-8250-pana-la-3-4ghz-15-6-full-hd-8gb-ssd-256gb-amd-radeon-520-2gb-ubuntu-gri/cpd/LAP35766539/,"Procesor Intel Core i5-8250 pana la 3.4GHz, 15.6"" Full HD, 8GB, SSD 256GB, AMD Radeon 520 2GB, Ubuntu, gri"
Laptop HP 15-db0043nq,DA,300 lei,2699.9 lei,"2.999,90 lei",In Stoc,https://altex.ro/laptop-hp-15-db0043nq-amd-ryzen-3-2200u-pana-la-3-4ghz-15-6-full-hd-8gb-ssd-256gb-amd-radeon-530-2gb-windows-10-home/cpd/LAP4DF39EA/,"Procesor AMD Ryzen 3 2200U pana la 3.4GHz, 15.6"" Full HD, 8GB, SSD 256GB, AMD Radeon 530 2GB, Windows 10 Home"
Laptop LENOVO IdeaPad 330S-14IKB,DA,100 lei,2699.9 lei,"2.799,90 lei",In Stoc,https://altex.ro/laptop-lenovo-ideapad-330s-14ikb-intel-core-i5-8250u-pana-la-3-4ghz-14-full-hd-8gb-hdd-1tb-ssd-128gb-intel-uhd-graphics-620-free-dos/cpd/TPC81F4007MRM/,"Procesor Intel Core i5-8250U pana la 3.4GHz, 14"" Full HD, 8GB, HDD 1TB + SSD 128GB, Intel UHD Graphics 620, Free Dos"
Laptop ASUS VivoBook S14 S410UA-EB017,DA,400 lei,2499.9 lei,"2.899,90 lei",In Stoc,https://altex.ro/laptop-asus-vivobook-s14-s410ua-eb017-intelr-coretm-i5-8250u-pana-la-3-4ghz-14-full-hd-4gb-hdd-500gb-ssd-128gb-intelr-uhd-graphics-620-endless/cpd/LAPS410UAEB017/,"Procesor Intel® Core™ i5-8250U pana la 3.4GHz, 14"" Full HD, 4GB, HDD 500GB + SSD 128GB, Intel® UHD Graphics 620, Endless"
Laptop LENOVO V130-15IKB,DA,200 lei,2399.9 lei,"2.599,90 lei",In Stoc,https://altex.ro/laptop-lenovo-v130-15ikb-intelr-coretm-i5-7200u-pana-la-3-1ghz-15-6-full-hd-8gb-ssd-256gb-intelr-hd-graphics-620-free-dos/cpd/LAP81HN00EWRI/,"Procesor Intel® Core™ i5-7200U pana la 3.1GHz, 15.6"" Full HD, 8GB, SSD 256GB, Intel® HD Graphics 620, Free Dos"
Laptop Lenovo IdeaPad 320-15IKB,DA,400 lei,2199.9 lei,"2.599,90 lei",In Stoc,https://altex.ro/laptop-lenovo-ideapad-320-15ikb-intelr-coretm-i5-7200u-pana-la-3-1ghz-15-6-full-hd-4gb-1tb-intelr-hd-graphics-620-windows-10-home/cpd/LAP80XL00E7RI/,"Procesor Intel® Core™ i5-7200U pana la 3.1Ghz, 15.6"" Full HD, 4GB, 1TB, Intel® HD Graphics 620, Windows 10 Home"
Laptop HP 15-da0009nq,DA,400 lei,2099.9 lei,"2.499,90 lei",In Stoc,https://altex.ro/laptop-hp-15-da0009nq-intel-core-i3-7020u-2-3ghz-15-6-full-hd-8gb-1tb-nvidia-geforce-mx110-2gb-free-dos/cpd/LAP4DJ10EA/,"Procesor Intel Core i3-7020U 2.3GHz, 15.6"" Full HD, 8GB, 1TB, NVIDIA GeForce MX110 2GB, Free Dos"
Laptop HP 15-da0136nq,DA,450 lei,2049.9 lei,"2.499,90 lei",In Stoc,https://altex.ro/laptop-hp-15-da0136nq-intel-core-i3-7100u-2-4ghz-15-6-full-hd-4gb-ssd-256gb-intel-hd-graphics-620-windows-10-home/cpd/LAP5ES46EA/,"Procesor Intel Core i3-7100U 2.4GHz, 15.6"" Full HD, 4GB, SSD 256GB, Intel HD Graphics 620, Windows 10 Home"
Laptop ASUS X542UA-DM444R,DA,20%,1999.92 lei,"2.499,90 lei",In Stoc,https://altex.ro/laptop-asus-x542ua-dm444r-intel-core-i3-7100u-2-4ghz-15-6-full-hd-4gb-500gb-intel-hd-graphics-620-windows-10-pro/cpd/LAPX542UADM444R/,"Procesor Intel Core i3-7100U 2.4GHz, 15.6"" Full HD, 4GB, 500GB, Intel HD Graphics 620, Windows 10 Pro"
Laptop ASUS A541UA-GO1708T,DA,300 lei,1799.9 lei,"2.099,90 lei",In Stoc,https://altex.ro/laptop-asus-a541ua-go1708t-intelr-coretm-i3-7100u-2-4ghz-15-6-4gb-500gb-intelr-hd-graphics-620-windows-10/cpd/LAPA541UAGO1708/,"Procesor Intel® Core™ i3-7100U 2.4GHz, 15.6"", 4GB, 500GB, Intel® HD Graphics 620, Windows 10"
Laptop HP 250 G6,DA,23%,1693.92 lei,"2.199,90 lei",In Stoc,https://altex.ro/laptop-hp-250-g6-intel-core-i3-7020u-2-3ghz-15-6-hd-4gb-ssd-256gb-intel-hd-graphics-620-free-dos/cpd/LAP3VK28EA/,"Procesor Intel Core i3-7020U 2.3GHz, 15.6"" HD, 4GB, SSD 256GB, Intel HD Graphics 620, Free Dos"
Laptop 2 in 1 ACER Spin SP111-32N-C6LG,NU,,1449.9 lei,,In Stoc,https://altex.ro/laptop-2-in-1-acer-spin-sp111-32n-c6lg-intel-celeron-n3350-pana-la-2-4ghz-11-6-full-hd-4gb-emmc-64gb-intel-hd-graphics-windows-10-s/cpd/TPCNXGRMEX008/,"Procesor Intel Celeron N3350 pana la 2.4GHz, 11.6"" Full HD, 4GB, eMMC 64GB, Intel HD Graphics, Windows 10 S"
Laptop ACER Swift 1 SF113-31-P5T1,DA,22%,1403.92 lei,"1.799,90 lei",In Stoc,https://altex.ro/laptop-acer-swift-1-sf113-31-p5t1-intel-pentium-n4200-pana-la-2-5ghz-13-full-hd-4gb-ssd-128gb-intel-hd-graphics-505-linux/cpd/LAPNXGNKEX002/,"Procesor Intel Pentium N4200 pana la 2.5GHz, 13"" Full HD, 4GB, SSD 128GB, Intel HD Graphics 505, Linux"
Laptop 2 in 1 MYRIA MY8312SV,DA,300 lei,1399.9 lei,"1.699,90 lei",In Stoc,https://altex.ro/laptop-2-in-1-myria-my8312sv-intel-pentium-n4200-pana-la-2-5ghz-13-3-touch-4gb-ssd-256gb-intelr-hd-graphics-free-dos/cpd/TPCMY8312SV/,"Procesor Intel Pentium N4200 pana la 2.5GHz, 13.3"" Touch, 4GB, SSD 256GB, Intel® HD Graphics, Free Dos"
Laptop DELL Inspiron 3573,DA,100 lei,1299.9 lei,"1.399,90 lei",In Stoc,https://altex.ro/laptop-dell-inspiron-3573-intelr-pentiumr-n5000-pana-la-2-7ghz-15-6-hd-4gb-500gb-intelr-uhd-graphics-605-ubuntu-gri/cpd/LAP35736461/,"Procesor Intel® Pentium® N5000 pana la 2.7GHz, 15.6"" HD, 4GB, 500GB, Intel® UHD Graphics 605, Ubuntu, gri"
Laptop ASUS A541SA-XX559T,DA,400 lei,1299.9 lei,"1.699,90 lei",In Stoc,https://altex.ro/laptop-asus-a541sa-xx559t-intelr-celeronr-n3060-pana-la-2-48ghz-15-6-hd-4gb-500gb-intelr-hd-graphics-400-windows-10/cpd/LAPA541SAXX559T/,"Procesor Intel® Celeron® N3060 pana la 2.48GHz, 15.6"" HD, 4GB, 500GB, Intel® HD Graphics 400, Windows 10"
Laptop LENOVO IdeaPad 330-15IGM,DA,150 lei,1249.9 lei,"1.399,90 lei",In Stoc,https://altex.ro/laptop-lenovo-ideapad-330-15igm-intel-pentium-n5000-pana-la-2-7ghz-15-6-hd-4gb-ssd-128gb-intel-uhd-graphics-605-free-dos-alb/cpd/LAP81D100FFRM/,"Procesor Intel Pentium N5000 pana la 2.7GHz, 15.6"" HD, 4GB, SSD 128GB, Intel UHD Graphics 605, Free Dos, alb"
Laptop ASUS X541NA-GO017,NU,,1199.9 lei,,In Stoc,https://altex.ro/laptop-asus-x541na-go017-intelr-celeronr-n3350-pana-la-2-4ghz-15-6-4gb-500gb-intelr-hd-graphics-500-endless-silver/cpd/LAPX541NAGO017/,"Procesor Intel® Celeron® N3350 pana la 2.4GHz, 15.6"", 4GB, 500GB, Intel® HD Graphics 500, Endless, Silver"
Laptop 2 in 1 ASUS Transformer Mini T102HA-GR046T,NU,,1199.9 lei,,In Stoc,https://altex.ro/laptop-2-in-1-asus-transformer-mini-t102ha-gr046t-intelr-atomtm-x5-z8350-pana-la-1-92ghz-10-1-touch-2gb-emmc-64gb-intelr-hd-graphics-400-windows-10/cpd/TPCT102HAGR046T/,"Procesor Intel® Atom™ x5-Z8350 pana la 1.92GHz, 10.1"" Touch, 2GB, eMMC 64GB, Intel® HD Graphics 400, Windows 10"
Laptop DELL Inspiron 3552,DA,50 lei,1099.9 lei,"1.149,90 lei",In Stoc,https://altex.ro/laptop-dell-inspiron-3552-intel-celeron-n3060-pana-la-2-48ghz-15-6-hd-4gb-500gb-intel-hd-graphics-ubuntu-negru/cpd/LAP3552-1436/,"Procesor Intel Celeron N3060 pana la 2.48GHz, 15.6"" HD, 4GB, 500GB, Intel HD Graphics, Ubuntu, negru"
Laptop ASUS X541NA-GO009,DA,50 lei,1099.9 lei,"1.149,90 lei",In Stoc,https://altex.ro/laptop-asus-x541na-go009-intelr-celeronr-n3350-pana-la-2-4ghz-15-6-4gb-500gb-intelr-hd-graphics-500-endless-red/cpd/LAPX541NAGO009/,"Procesor Intel® Celeron® N3350 pana la 2.4GHz, 15.6"", 4GB, 500GB, Intel® HD Graphics 500, Endless, Red"
Laptop ASUS X541NA-GO169,DA,23%,1000.92 lei,"1.299,90 lei",In Stoc,https://altex.ro/laptop-asus-x541na-go169-intel-celeron-n3350-pana-la-2-4ghz-15-6-hd-4gb-ssd-256gb-intel-hd-graphics-500-endless/cpd/LAPX541NAGO169/,"Procesor Intel Celeron N3350 pana la 2.4GHz, 15.6"" HD, 4GB, SSD 256GB, Intel HD Graphics 500, Endless"
Laptop MYRIA MY8311PK,DA,150 lei,849.9 lei,"999,90 lei",In Stoc,https://altex.ro/laptop-myria-my8311pk-intelr-celeronr-n4000-pana-la-2-4ghz-13-3-full-hd-ips-4gb-32gb-emmc-intelr-hd-graphics-600-windows-10-home/cpd/LAPMY8311PK/,"Procesor Intel® Celeron® N4000 pana la 2.4GHz, 13.3"" Full HD IPS, 4GB, 32GB eMMC, Intel® HD Graphics 600, Windows 10 Home"
Laptop Gaming ASUS ROG G703GI-E5047T,NU,,22399.9 lei,,In Stoc,https://altex.ro/laptop-gaming-asus-rog-g703gi-e5047t-intel-core-i9-8950hk-pana-la-4-8ghz-17-3-full-hd-64gb-sshd-2tb-ssd-2-x-512gb-nvidia-geforce-gtx1080-8gb-windows-10-home/cpd/LAPG703GIE5047T/,"Procesor Intel Core i9-8950HK pana la 4.8GHz, 17.3"" Full HD, 64GB, SSHD 2TB + SSD 2 x 512GB, NVIDIA GeForce GTX1080 8GB, Windows 10 Home"
Laptop Gaming ASUS ROG G703GI-E5046T,NU,,17999.9 lei,,In Stoc,https://altex.ro/laptop-gaming-asus-rog-g703gi-e5046t-intel-core-i9-8950hk-pana-la-4-8ghz-17-3-full-hd-32gb-sshd-2tb-ssd-2-x-256gb-nvidia-geforce-gtx-1080-8gb-windows-10-home/cpd/LAPG703GIE5046T/,"Procesor Intel Core i9-8950HK pana la 4.8GHz, 17.3"" Full HD, 32GB, SSHD 2TB + SSD 2 x 256GB, NVIDIA GeForce GTX 1080 8GB, Windows 10 Home"
Laptop DELL XPS 9570,NU,,14499.9 lei,,In Stoc,https://altex.ro/laptop-dell-xps-9570-intel-core-i9-8950hk-pana-la-4-8ghz-15-6-ultra-hd-4k-touch-16gb-ssd-512gb-nvidia-geforce-gtx-1050-ti-4gb-windows-10-pro/cpd/TPC95706409/,"Procesor Intel Core i9-8950HK pana la 4.8GHz, 15.6"" Ultra HD 4K Touch, 16GB, SSD 512GB, NVIDIA GeForce GTX 1050 Ti 4GB, Windows 10 Pro"
"Laptop APPLE MacBook Pro 15"" Retina Display si Touch Bar mr972ro/a",DA,1500 lei,14499.9 lei,"15.999,90 lei",In Stoc,https://altex.ro/laptop-apple-macbook-pro-15-retina-display-si-touch-bar-mr972ro-a-intel-core-i7-pana-la-4-3ghz-16gb-512gb-amd-radeon-pro-560x-4gb-macos-sierra-argintiu-tastatura-layout-ro/cpd/LAPMR972ROA/,"Procesor Intel Core i7 pana la 4.3GHz, 16GB, 512GB, AMD Radeon Pro 560X 4GB, macOS Sierra, Argintiu - Tastatura layout RO"
"Laptop APPLE MacBook Pro 15"" Retina Display si Touch Bar mr942ro/a",DA,1500 lei,14499.9 lei,"15.999,90 lei",In Stoc,https://altex.ro/laptop-apple-macbook-pro-15-retina-display-si-touch-bar-mr942ro-a-intel-core-i7-pana-la-4-3ghz-16gb-512gb-amd-radeon-pro-560x-4gb-macos-sierra-space-gray-tastatura-layout-ro/cpd/LAPMR942ROA/,"Procesor Intel Core i7 pana la 4.3GHz, 16GB, 512GB, AMD Radeon Pro 560X 4GB, macOS Sierra, Space Gray - Tastatura layout RO"
"Laptop APPLE MacBook Pro 15"" Retina Display si Touch Bar mr942ze/a",DA,1500 lei,14499.9 lei,"15.999,90 lei",In Stoc,https://altex.ro/laptop-apple-macbook-pro-15-retina-display-si-touch-bar-mr942ze-a-intel-core-i7-pana-la-4-3ghz-16gb-512gb-amd-radeon-pro-560x-4gb-macos-sierra-space-gray-tastatura-layout-int/cpd/LAPMR942ZEA/,"Procesor Intel Core i7 pana la 4.3GHz, 16GB, 512GB, AMD Radeon Pro 560X 4GB, macOS Sierra, Space Gray - Tastatura layout INT"
"Laptop APPLE MacBook Pro 15"" Retina Display si Touch Bar mr972ze/a",DA,1500 lei,14499.9 lei,"15.999,90 lei",In Stoc,https://altex.ro/laptop-apple-macbook-pro-15-retina-display-si-touch-bar-mr972ze-a-intel-core-i7-pana-la-4-3ghz-16gb-512gb-amd-radeon-pro-560x-4gb-macos-sierra-argintiu-tastatura-layout-int/cpd/LAPMR972ZEA/,"Procesor Intel Core i7 pana la 4.3GHz, 16GB, 512GB, AMD Radeon Pro 560X 4GB, macOS Sierra, Argintiu - Tastatura layout INT"
Laptop Gaming HP OMEN X 17-ap001nn,NU,,13999.9 lei,,In Stoc,https://altex.ro/laptop-gaming-hp-omen-x-17-ap001nn-intel-core-i7-7820hk-pana-la-3-9ghz-17-3-full-hd-16gb-hdd-1tb-ssd-256gb-nvidia-geforce-gtx-1080-8gb-windows-10-home/cpd/LAP2PJ77EA/,"Procesor Intel Core i7-7820HK pana la 3.9GHz, 17.3"" Full HD, 16GB, HDD 1TB + SSD 256GB, NVIDIA GeForce GTX 1080 8GB, Windows 10 Home"
Laptop ASUS ROG ZEPHYRUS GX501GI-EI007T,DA,1000 lei,13799.9 lei,"14.799,90 lei",In Stoc,https://altex.ro/laptop-asus-rog-zephyrus-gx501gi-ei007t-intelr-coretm-i7-8750h-pana-la-4-1ghz-15-6-full-hd-24gb-ssd-1tb-nvidia-geforce-gtx-1080-8gb-windows-10-home/cpd/LAPGX501GIEI007/,"Procesor Intel® Core™ i7-8750H pana la 4.1GHz, 15.6"" Full HD, 24GB, SSD 1TB, NVIDIA GeForce GTX 1080 8GB, Windows 10 Home"
Laptop DELL XPS 15 9575,DA,1000 lei,13499.9 lei,"14.499,90 lei",In Stoc,https://altex.ro/laptop-dell-xps-15-9575-intelr-coretm-i7-8705g-pana-la-4-1ghz-15-6-uhd-4k-touch-16gb-ssd-512gb-amd-radeon-rx-vega-m-4gb-windows-10-pro/cpd/TPC95756362/,"Procesor Intel® Core™ i7-8705G pana la 4.1GHz, 15.6"" UHD 4K Touch, 16GB, SSD 512GB, AMD Radeon RX Vega M 4GB, Windows 10 Pro"
Laptop LENOVO ThinkPad X1 Carbon Gen6,NU,,12999.9 lei,,In Stoc,https://altex.ro/laptop-lenovo-thinkpad-x1-carbon-gen6-intelr-coretm-i7-8550u-pana-la-4-0ghz-14-wqhd-16gb-ssd-1tb-intelr-uhd-graphics-620-windows-10-pro/cpd/LAP20KH006MRI/,"Procesor Intel® Core™ i7-8550U pana la 4.0GHz, 14"" WQHD, 16GB, SSD 1TB, Intel® UHD Graphics 620, Windows 10 Pro"
Laptop Gaming ASUS ROG G703GS-E5001T,NU,,12999.9 lei,,In Stoc,https://altex.ro/laptop-gaming-asus-rog-g703gs-e5001t-intel-core-i7-8750h-pana-la-3-9ghz-17-3-full-hd-32gb-sshd-1tb-ssd-2-x-256gb-nvidia-geforce-gtx-1070-8gb-windows-10-home/cpd/LAPG703GSE5001T/,"Procesor Intel Core i7-8750H pana la 3.9GHz, 17.3"" Full HD, 32GB, SSHD 1TB + SSD 2 x 256GB, NVIDIA GeForce GTX 1070 8GB, Windows 10 Home"
Laptop ASUS ROG ZEPHYRUS GX501GI-EI006T,DA,1000 lei,12699.9 lei,"13.699,90 lei",In Stoc,https://altex.ro/laptop-asus-rog-zephyrus-gx501gi-ei006t-intelr-coretm-i7-8750h-pana-la-4-1ghz-15-6-full-hd-24gb-ssd-512gb-nvidia-geforce-gtx-1080-8gb-windows-10/cpd/LAPGX501GIEI006/,"Procesor Intel® Core™ i7-8750H pana la 4.1GHz, 15.6"" Full HD, 24GB, SSD 512GB, NVIDIA GeForce GTX 1080 8GB, Windows 10"
"Laptop APPLE MacBook Pro 15"" Retina Display si Touch Bar mr962ro/a",DA,1000 lei,12499.9 lei,"13.499,90 lei",In Stoc,https://altex.ro/laptop-apple-macbook-pro-15-retina-display-si-touch-bar-mr962ro-a-intel-core-i7-pana-la-4-1ghz-16gb-256gb-amd-radeon-pro-555x-4gb-macos-sierra-argintiu-tastatura-layout-ro/cpd/LAPMR962ROA/,"Procesor Intel Core i7 pana la 4.1GHz, 16GB, 256GB, AMD Radeon Pro 555X 4GB, macOS Sierra, Argintiu - Tastatura layout RO"
"Laptop APPLE MacBook Pro 15"" Retina Display si Touch Bar mr932ro/a",DA,1000 lei,12499.9 lei,"13.499,90 lei",In Stoc,https://altex.ro/laptop-apple-macbook-pro-15-retina-display-si-touch-bar-mr932ro-a-intel-core-i7-pana-la-4-1ghz-16gb-256gb-amd-radeon-pro-555x-4gb-macos-sierra-space-gray-tastatura-layout-ro/cpd/LAPMR932ROA/,"Procesor Intel Core i7 pana la 4.1GHz, 16GB, 256GB, AMD Radeon Pro 555X 4GB, macOS Sierra, Space Gray - Tastatura layout RO"
"Laptop APPLE MacBook Pro 15"" Retina Display si Touch Bar mr962ze/a",DA,1000 lei,12499.9 lei,"13.499,90 lei",In Stoc,https://altex.ro/laptop-apple-macbook-pro-15-retina-display-si-touch-bar-mr962ze-a-intel-core-i7-pana-la-4-1ghz-16gb-256gb-amd-radeon-pro-555x-4gb-macos-sierra-argintiu-tastatura-layout-int/cpd/LAPMR962ZEA/,"Procesor Intel Core i7 pana la 4.1GHz, 16GB, 256GB, AMD Radeon Pro 555X 4GB, macOS Sierra, Argintiu - Tastatura layout INT"
"Laptop APPLE MacBook Pro 15"" Retina Display si Touch Bar mr932ze/a",DA,1000 lei,12499.9 lei,"13.499,90 lei",In Stoc,https://altex.ro/laptop-apple-macbook-pro-15-retina-display-si-touch-bar-mr932ze-a-intel-core-i7-pana-la-4-1ghz-16gb-256gb-amd-radeon-pro-555x-4gb-macos-sierra-space-gray-tastatura-layout-int/cpd/LAPMR932ZEA/,"Procesor Intel Core i7 pana la 4.1GHz, 16GB, 256GB, AMD Radeon Pro 555X 4GB, macOS Sierra, Space Gray - Tastatura layout INT"
Laptop Gaming ASUS ROG G703GS-E5048T,NU,,11999.9 lei,,In Stoc,https://altex.ro/laptop-gaming-asus-rog-g703gs-e5048t-intel-core-i7-8750h-pana-la-3-9ghz-17-3-full-hd-32gb-sshd-1tb-ssd-256gb-nvidia-geforce-gtx-1070-8gb-windows-10-home/cpd/LAPG703GSE5048T/,"Procesor Intel Core i7-8750H pana la 3.9GHz, 17.3"" Full HD, 32GB, SSHD 1TB + SSD 256GB, NVIDIA GeForce GTX 1070 8GB, Windows 10 Home"
Laptop Gaming MSI GT63 TITAN 8RG,DA,1500 lei,11999.9 lei,"13.499,90 lei",In Stoc,https://altex.ro/laptop-gaming-msi-gt63-titan-8rg-intel-core-i7-8750h-pana-la-4-1-ghz-15-6-full-hd-16gb-1tb-ssd-128gb-nvidia-geforce-gtx-1080-8gb-free-dos/cpd/LAPGT638RG/,"Procesor Intel Core i7-8750H pana la 4.1 GHz, 15.6"" Full HD, 16GB, 1TB + SSD 128GB, NVIDIA GeForce GTX 1080 8GB, Free Dos"
Laptop Gaming MSI P65 8RF,NU,,11999.9 lei,,In Stoc,https://altex.ro/laptop-gaming-msi-p65-8rf-intelr-coretm-i7-8750h-pana-la-4-1ghz-15-6-full-hd-16gb-ssd-512gb-geforce-gtx-1070-8gb-windows-10-home/cpd/LAPP658RF/,"Procesor Intel® Core™ i7-8750H pana la 4.1GHz, 15.6"" Full HD, 16GB, SSD 512GB, GeForce GTX 1070 8GB, Windows 10 Home"
Laptop ASUS ROG ZEPHYRUS GX501GI-EI009T,DA,1000 lei,11699.9 lei,"12.699,90 lei",In Stoc,https://altex.ro/laptop-asus-rog-zephyrus-gx501gi-ei009t-intelr-coretm-i7-8750h-pana-la-4-1ghz-15-6-full-hd-16gb-ssd-256gb-nvidia-geforce-gtx-1080-8gb-windows-10-home/cpd/LAPGX501GIEI009/,"Procesor Intel® Core™ i7-8750H pana la 4.1GHz, 15.6"" Full HD, 16GB, SSD 256GB, NVIDIA GeForce GTX 1080 8GB, Windows 10 Home"
"Laptop APPLE MacBook Pro 15"" Retina Display si Touch Bar mptr2ro/a",DA,500 lei,11599.9 lei,"12.099,90 lei",In Stoc,https://altex.ro/laptop-apple-macbook-pro-15-retina-display-si-touch-bar-mptr2ro-a-intelr-coretm-i7-pana-la-3-8ghz-16gb-256gb-amd-radeon-pro-555-2gb-macos-sierra-space-gray-tastatura-layout-ro/cpd/LAPMPTR2ROA/,"Procesor Intel® Core™ i7 pana la 3.8GHz, 16GB, 256GB, AMD Radeon Pro 555 2GB, macOS Sierra, Space Gray - Tastatura layout RO"
Laptop ASUS ROG ZEPHYRUS GM501GS-EI004T,NU,,10999.9 lei,,In Stoc,https://altex.ro/laptop-asus-rog-zephyrus-gm501gs-ei004t-intelr-core-i7-8750h-pana-la-4-1ghz-15-6-full-hd-16gb-sshd-1tb-ssd-512gb-nvidia-geforce-gtx-1070-8gb-windows-10-home/cpd/LAPGM501GSEI004/,"Procesor Intel® Core i7-8750H pana la 4.1GHz, 15.6"" Full HD, 16GB, SSHD 1TB + SSD 512GB, NVIDIA GeForce GTX 1070 8GB, Windows 10 Home"
Laptop Gaming MSI GS65 Stealth Thin 8RF,DA,500 lei,10999.9 lei,"11.499,90 lei",In Stoc,https://altex.ro/laptop-gaming-msi-gs65-stealth-thin-8rf-intel-core-i7-8750h-pana-la-4-1ghz-15-6-full-hd-16gb-ssd-512gb-nvidia-geforce-gtx-1070-8gb-windows-10-home/cpd/LAPGS658RF/,"Procesor Intel Core i7-8750H pana la 4.1GHz, 15.6"" Full HD, 16GB, SSD 512GB, NVIDIA GeForce GTX 1070 8GB, Windows 10 Home"
"Laptop APPLE MacBook Pro 13"" Retina Display si Touch Bar mpxy2ro/a",NU,,10299.9 lei,,In Stoc,https://altex.ro/laptop-apple-macbook-pro-13-retina-display-si-touch-bar-mpxy2ro-a-intelr-coretm-i5-pana-la-3-5ghz-8gb-512gb-intel-iris-plus-graphics-650-macos-sierra-argintiu-tastatura-layout-ro/cpd/LAPMPXY2ROA/,"Procesor Intel® Core™ i5 pana la 3.5GHz, 8GB, 512GB, Intel Iris Plus Graphics 650, macOS Sierra, Argintiu - Tastatura layout RO"
"Laptop APPLE MacBook Pro 13"" Retina Display si Touch Bar mr9r2ze/a",DA,800 lei,10299.9 lei,"11.099,90 lei",In Stoc,https://altex.ro/laptop-apple-macbook-pro-13-retina-display-si-touch-bar-mr9r2ze-a-intel-core-i5-pana-la-3-8ghz-8gb-512gb-intel-iris-plus-graphics-655-macos-sierra-space-gray-tastatura-layout-int/cpd/LAPMR9R2ZEA/,"Procesor Intel Core i5 pana la 3.8GHz, 8GB, 512GB, Intel Iris Plus Graphics 655, macOS Sierra, Space Gray - Tastatura layout INT"
"Laptop APPLE MacBook Pro 13"" Retina Display si Touch Bar mr9v2ze/a",DA,800 lei,10299.9 lei,"11.099,90 lei",In Stoc,https://altex.ro/laptop-apple-macbook-pro-13-retina-display-si-touch-bar-mr9v2ze-a-intel-core-i5-pana-la-3-8ghz-8gb-512gb-intel-iris-plus-graphics-655-macos-sierra-argintiu-tastatura-layout-int/cpd/LAPMR9V2ZEA/,"Procesor Intel Core i5 pana la 3.8GHz, 8GB, 512GB, Intel Iris Plus Graphics 655, macOS Sierra, Argintiu - Tastatura layout INT"
Laptop Gaming MSI GE73 Raider RGB 8RF,NU,,9999.9 lei,,In Stoc,https://altex.ro/laptop-gaming-msi-ge73-raider-rgb-8rf-intel-core-i7-8750h-pana-la-4-1ghz-17-3-full-hd-16gb-ssd-256gb-1tb-nvidia-geforce-gtx-1070-8gb-windows-10-home/cpd/LAPGE738RF/,"Procesor Intel Core i7-8750H pana la 4.1GHz, 17.3"" Full HD, 16GB, SSD 256GB + 1TB, NVIDIA GeForce GTX 1070 8GB, Windows 10 Home"
"Laptop APPLE MacBook Pro 13"" Retina Display si Touch Bar mpxw2ro/a",DA,200 lei,9799.9 lei,"9.999,90 lei",In Stoc,https://altex.ro/laptop-apple-macbook-pro-13-retina-display-si-touch-bar-mpxw2ro-a-intelr-coretm-i5-pana-la-3-5ghz-8gb-512gb-intel-iris-plus-graphics-650-macos-sierra-space-gray-tastatura-layout-ro/cpd/LAPMPXW2ROA/,"Procesor Intel® Core™ i5 pana la 3.5GHz, 8GB, 512GB, Intel Iris Plus Graphics 650, macOS Sierra, Space Gray - Tastatura layout RO"
Laptop ASUS ROG ZEPHYRUS GM501GM-EI017R,NU,,9699.9 lei,,In Stoc,https://altex.ro/laptop-asus-rog-zephyrus-gm501gm-ei017r-intelr-core-i7-8750h-pana-la-4-1ghz-15-6-full-hd-16gb-sshd-1tb-ssd-512gb-nvidia-geforce-gtx-1060-6gb-windows-10-pro/cpd/LAPGM501GMEI017/,"Procesor Intel® Core i7-8750H pana la 4.1GHz, 15.6"" Full HD, 16GB, SSHD 1TB + SSD 512GB, NVIDIA GeForce GTX 1060 6GB, Windows 10 Pro"
Laptop Gaming MSI GS73 Stealth 8RF,NU,,9699.9 lei,,In Stoc,https://altex.ro/laptop-gaming-msi-gs73-stealth-8rf-intel-core-i7-8750h-pana-la-4-1ghz-17-3-full-hd-16gb-ssd-256gb-1tb-nvidia-geforce-gtx-1070-8gb-free-dos/cpd/LAPGS738RF/,"Procesor Intel Core i7-8750H pana la 4.1GHz, 17.3"" Full HD, 16GB, SSD 256GB + 1TB, NVIDIA GeForce GTX 1070 8GB, Free Dos"
Laptop Gaming ASUS ROG Strix Scar II GL504GS-ES058R,DA,1000 lei,9499.9 lei,"10.499,90 lei",In Stoc,https://altex.ro/laptop-gaming-asus-rog-strix-scar-ii-gl504gs-es058r-15-6-full-hd-intel-core-i7-8750h-pana-la-4-1ghz-32gb-sshd-1tb-ssd-256gb-nvidia-geforce-gtx-1070-8gb-free-dos/cpd/LAPGL504GSES058/,"Procesor 15.6"" Full HD, Intel Core i7-8750H pana la 4.1GHz, 32GB, SSHD 1TB + SSD 256GB, NVIDIA GeForce GTX 1070 8GB, Free Dos"
Laptop Gaming ASUS ROG Zephyrus S GX531GM-ES005T,NU,,9499.9 lei,,In Stoc,https://altex.ro/laptop-gaming-asus-rog-zephyrus-s-gx531gm-es005t-intelr-coretm-i7-8750h-pana-la-4-1ghz-15-6-full-hd-16gb-ssd-512gb-nvidia-geforce-gtx-1060-6gb-windows-10-home/cpd/LAPGX531GMES005/,"Procesor Intel® Core™ i7-8750H pana la 4.1GHz, 15.6"" Full HD, 16GB, SSD 512GB, NVIDIA GeForce GTX 1060 6GB, Windows 10 Home"
Laptop DELL XPS 9570,NU,,9399.9 lei,,In Stoc,https://altex.ro/laptop-dell-xps-9570-intel-core-i7-8750h-pana-la-4-1ghz-15-6-full-hd-ips-8gb-ssd-256gb-nvidia-geforce-gtx-1050-ti-4gb-windows-10-pro/cpd/LAP95706379/,"Procesor Intel Core i7-8750H pana la 4.1GHz, 15.6"" Full HD IPS, 8GB, SSD 256GB, NVIDIA GeForce GTX 1050 Ti 4GB, Windows 10 Pro"
Laptop ASUS ZenBook 3 UX390UA-GS058R,NU,,9399.9 lei,,In Stoc,https://altex.ro/laptop-asus-zenbook-3-ux390ua-gs058r-intelr-coretm-i7-7500u-pana-la-3-5ghz-12-5-full-hd-16gb-ssd-1tb-intelr-hd-graphics-620-windows-10-pro/cpd/LAPUX390UAGS058/,"Procesor Intel® Core™ i7-7500U pana la 3.5GHz, 12.5"" Full HD, 16GB, SSD 1TB, Intel® HD Graphics 620, Windows 10 Pro"
"Laptop APPLE MacBook Pro 13"" Retina Display si Touch Bar mr9q2ze/a",DA,700 lei,9299.9 lei,"9.999,90 lei",In Stoc,https://altex.ro/laptop-apple-macbook-pro-13-retina-display-si-touch-bar-mr9q2ze-a-intel-core-i5-pana-la-3-8ghz-8gb-256gb-intel-iris-plus-graphics-655-macos-sierra-space-gray-tastatura-layout-int/cpd/LAPMR9Q2ZEA/,"Procesor Intel Core i5 pana la 3.8GHz, 8GB, 256GB, Intel Iris Plus Graphics 655, macOS Sierra, Space Gray - Tastatura layout INT"
"Laptop APPLE MacBook Pro 13"" Retina Display si Touch Bar mr9q2ro/a",DA,700 lei,9299.9 lei,"9.999,90 lei",In Stoc,https://altex.ro/laptop-apple-macbook-pro-13-retina-display-si-touch-bar-mr9q2ro-a-intel-core-i5-pana-la-3-8ghz-8gb-256gb-intel-iris-plus-graphics-655-macos-sierra-space-gray-tastatura-layout-ro/cpd/LAPMR9Q2ROA/,"Procesor Intel Core i5 pana la 3.8GHz, 8GB, 256GB, Intel Iris Plus Graphics 655, macOS Sierra, Space Gray - Tastatura layout RO"
"Laptop APPLE MacBook Pro 13"" Retina Display si Touch Bar mr9u2ro/a",DA,700 lei,9299.9 lei,"9.999,90 lei",In Stoc,https://altex.ro/laptop-apple-macbook-pro-13-retina-display-si-touch-bar-mr9u2ro-a-intel-core-i5-pana-la-3-8ghz-8gb-256gb-intel-iris-plus-graphics-655-macos-sierra-argintiu-tastatura-layout-ro/cpd/LAPMR9U2ROA/,"Procesor Intel Core i5 pana la 3.8GHz, 8GB, 256GB, Intel Iris Plus Graphics 655, macOS Sierra, Argintiu - Tastatura layout RO"
"Laptop APPLE MacBook Pro 13"" Retina Display si Touch Bar mr9u2ze/a",DA,700 lei,9299.9 lei,"9.999,90 lei",In Stoc,https://altex.ro/laptop-apple-macbook-pro-13-retina-display-si-touch-bar-mr9u2ze-a-intel-core-i5-pana-la-3-8ghz-8gb-256gb-intel-iris-plus-graphics-655-macos-sierra-argintiu-tastatura-layout-int/cpd/LAPMR9U2ZEA/,"Procesor Intel Core i5 pana la 3.8GHz, 8GB, 256GB, Intel Iris Plus Graphics 655, macOS Sierra, Argintiu - Tastatura layout INT"
Laptop DELL XPS 9570,NU,,9099.9 lei,,In Stoc,https://altex.ro/laptop-dell-xps-9570-intel-core-i5-8300h-pana-la-4-0ghz-15-6-full-hd-ips-8gb-hdd-1tb-ssd-128gb-nvidia-geforce-gtx-1050-4gb-windows-10-pro/cpd/LAP95706386/,"Procesor Intel Core i5-8300H pana la 4.0GHz, 15.6"" Full HD IPS, 8GB, HDD 1TB + SSD 128GB, NVIDIA GeForce GTX 1050 4GB, Windows 10 Pro"
Laptop Gaming MSI GS73 Stealth 8RE,NU,,8999.9 lei,,In Stoc,https://altex.ro/laptop-gaming-msi-gs73-stealth-8re-intel-core-i7-8750h-pana-la-4-1ghz-17-3-full-hd-16gb-ssd-128gb-1tb-nvidia-geforce-gtx-1060-6gb-free-dos/cpd/LAPGS738RE/,"Procesor Intel Core i7-8750H pana la 4.1GHz, 17.3"" Full HD, 16GB, SSD 128GB + 1TB, NVIDIA GeForce GTX 1060 6GB, Free Dos"
Laptop Gaming ASUS ROG Strix Scar GL703GS-E5011,NU,,8999.9 lei,,In Stoc,https://altex.ro/laptop-gaming-asus-rog-strix-scar-gl703gs-e5011-17-3-full-hd-intel-core-i7-8750h-pana-la-4-1ghz-16gb-sshd-1tb-ssd-256gb-nvidia-geforce-gtx-1070-8gb-free-dos/cpd/LAPGL703GSE5011/,"Procesor 17.3"" Full HD, Intel Core i7-8750H pana la 4.1GHz, 16GB, SSHD 1TB + SSD 256GB, NVIDIA GeForce GTX 1070 8GB, Free Dos"
Laptop ASUS ROG ZEPHYRUS GM501GM-EI005T,NU,,8999.9 lei,,In Stoc,https://altex.ro/laptop-asus-rog-zephyrus-gm501gm-ei005t-intelr-core-i7-8750h-pana-la-4-1ghz-15-6-full-hd-16gb-sshd-1tb-ssd-256gb-nvidia-geforce-gtx-1060-6gb-windows-10/cpd/LAPGM501GMEI005/,"Procesor Intel® Core i7-8750H pana la 4.1GHz, 15.6"" Full HD, 16GB, SSHD 1TB + SSD 256GB, NVIDIA GeForce GTX 1060 6GB, Windows 10"
Laptop DELL XPS 9570,NU,,8999.9 lei,,In Stoc,https://altex.ro/laptop-dell-xps-9570-intel-core-i5-8300h-pana-la-4-0ghz-15-6-full-hd-8gb-hdd-1tb-ssd-128gb-nvidia-geforce-gtx-1050-4gb-windows-10-pro/cpd/LAP9570-7122/,"Procesor Intel Core i5-8300H pana la 4.0GHz, 15.6"" Full HD, 8GB, HDD 1TB + SSD 128GB, NVIDIA GeForce GTX 1050 4GB, Windows 10 Pro"
Laptop APPLE MacBook 12 mrqp2ro/a,NU,,8699.9 lei,,Disponibil la precomanda,https://altex.ro/laptop-apple-macbook-12-mrqp2ro-a-intel-core-i5-pana-la-3-2ghz-12-ips-retina-8gb-ssd-512gb-intel-hd-graphics-615-macos-mojave-layout-ro-gold/cpd/LAPMRQP2ROA/,"Procesor Intel Core i5 pana la 3.2GHz, 12"" IPS Retina, 8GB, SSD 512GB, Intel HD Graphics 615, macOS Mojave, Layout RO, Gold"
Laptop APPLE MacBook 12 mrqp2ze/a,NU,,8699.9 lei,,Disponibil la precomanda,https://altex.ro/laptop-apple-macbook-12-mrqp2ze-a-intel-core-i5-pana-la-3-2ghz-12-ips-retina-8gb-ssd-512gb-intel-hd-graphics-615-macos-mojave-layout-int-gold/cpd/LAPMRQP2ZEA/,"Procesor Intel Core i5 pana la 3.2GHz, 12"" IPS Retina, 8GB, SSD 512GB, Intel HD Graphics 615, macOS Mojave, Layout INT, Gold"
Laptop ASUS ZenBook Pro 15 UX580GD-BN008R,NU,,8649.9 lei,,In Stoc,https://altex.ro/laptop-asus-zenbook-pro-15-ux580gd-bn008r-intelr-coretm-i7-8750h-pana-la-4-1ghz-15-6-full-hd-16gb-ssd-512gb-nvidia-geforce-gtx-1050-4gb-windows-10-pro/cpd/LAPUX580GDBN008/,"Procesor Intel® Core™ i7-8750H pana la 4.1GHz, 15.6"" Full HD, 16GB, SSD 512GB, NVIDIA GeForce GTX 1050 4GB, Windows 10 Pro"
Laptop Gaming MSI GS65 Stealth Thin 8RE,DA,660 lei,8639.9 lei,"9.299,90 lei",In Stoc,https://altex.ro/laptop-gaming-msi-gs65-stealth-thin-8re-intel-core-i7-8750h-pana-la-4-1ghz-15-6-full-hd-16gb-ssd-256gb-nvidia-geforce-gtx-1060-6gb-free-dos/cpd/LAPGS658RE/,"Procesor Intel Core i7-8750H pana la 4.1GHz, 15.6"" Full HD, 16GB, SSD 256GB, NVIDIA GeForce GTX 1060 6GB, Free Dos"
Laptop Gaming MSI GS63 Stealth 8RE,NU,,8499.9 lei,,In Stoc,https://altex.ro/laptop-gaming-msi-gs63-stealth-8re-intel-core-i7-8750h-pana-la-4-1ghz-15-6-full-hd-16gb-1tb-ssd-256gb-nvidia-geforce-gtx-1060-6gb-free-dos/cpd/LAPGS638RE/,"Procesor Intel Core i7-8750H pana la 4.1GHz, 15.6"" Full HD, 16GB,1TB + SSD 256GB, NVIDIA GeForce GTX 1060 6GB, Free Dos"
Laptop HP Envy 17-bw0000nq,NU,,8199.9 lei,,In Stoc,https://altex.ro/laptop-hp-envy-17-bw0000nq-intel-core-i7-8550u-pana-la-4-0ghz-17-3-4k-16gb-ssd-512gb-nvidia-geforce-mx150-4gb-windows-10-home/cpd/LAP4UB28EA/,"Procesor Intel Core i7-8550U pana la 4.0GHz, 17.3"" 4K, 16GB, SSD 512GB, NVIDIA Geforce MX150 4GB, Windows 10 Home"
"Laptop APPLE MacBook 12"" Retina Display mnyj2ze/a",DA,600 lei,8099.9 lei,"8.699,90 lei",In Stoc,https://altex.ro/laptop-apple-macbook-12-retina-display-mnyj2ze-a-intelr-coretm-i5-pana-la-3-2ghz-8gb-512gb-intel-hd-graphics-615-macos-sierra-silver-tastatura-layout-int/cpd/LAPMNYJ2ZEA/,"Procesor Intel® Core™ i5 pana la 3.2GHz, 8GB, 512GB, Intel HD Graphics 615, MacOS Sierra, Silver - Tastatura layout INT"
"Laptop APPLE MacBook 12"" Retina Display mnyn2ro/a",DA,600 lei,8099.9 lei,"8.699,90 lei",In Stoc,https://altex.ro/laptop-apple-macbook-12-retina-display-mnyn2ro-a-intelr-coretm-i5-pana-la-3-2ghz-8gb-512gb-intel-hd-graphics-615-macos-sierra-rose-gold-tastatura-layout-ro/cpd/LAPMNYN2ROA/,"Procesor Intel® Core™ i5 pana la 3.2GHz, 8GB, 512GB, Intel HD Graphics 615, MacOS Sierra, Rose Gold - Tastatura layout RO"
"Laptop APPLE MacBook 12"" Retina Display mnyl2ro/a",DA,600 lei,8099.9 lei,"8.699,90 lei",In Stoc,https://altex.ro/laptop-apple-macbook-12-retina-display-mnyl2ro-a-intelr-coretm-i5-pana-la-3-2ghz-8gb-512gb-intel-hd-graphics-615-macos-sierra-gold-tastatura-layout-ro/cpd/LAPMNYL2ROA/,"Procesor Intel® Core™ i5 pana la 3.2GHz, 8GB, 512GB, Intel HD Graphics 615, MacOS Sierra, Gold - Tastatura layout RO"
Laptop Gaming Omen by HP 17-an107nq,DA,800 lei,8099.9 lei,"8.899,90 lei",In Stoc,https://altex.ro/laptop-gaming-omen-by-hp-17-an107nq-intel-core-i7-8750h-pana-la-4-1ghz-17-3-full-hd-12gb-hdd-1tb-ssd-128gb-nvidia-geforce-gtx-1070-8gb-windows-10-home/cpd/LAP4MV64EA/,"Procesor Intel Core i7-8750H pana la 4.1GHz, 17.3"" Full HD, 12GB, HDD 1TB + SSD 128GB, NVIDIA GeForce GTX 1070 8GB, Windows 10 Home"
"Laptop APPLE MacBook Pro 13"" Retina Display mpxt2ro/a",DA,600 lei,7899.9 lei,"8.499,90 lei",In Stoc,https://altex.ro/laptop-apple-macbook-pro-13-retina-display-mpxt2ro-a-intelr-coretm-i5-pana-la-3-6ghz-8gb-256gb-intel-iris-plus-graphics-640-macos-sierra-space-gray-tastatura-layout-ro/cpd/LAPMPXT2ROA/,"Procesor Intel® Core™ i5 pana la 3.6GHz, 8GB, 256GB, Intel Iris Plus Graphics 640, macOS Sierra, Space Gray - Tastatura layout RO"
Laptop Gaming MSI GE73 Raider 8RE,NU,,7899.9 lei,,In Stoc,https://altex.ro/laptop-gaming-msi-ge73-raider-8re-intel-core-i7-8750h-pana-la-4-1-ghz-17-3-full-hd-16gb-1tb-ssd-128gb-nvidia-geforce-gtx-1060-6gb-free-dos/cpd/LAPGE738RE/,"Procesor Intel Core i7-8750H pana la 4.1 GHz, 17.3"" Full HD, 16GB, 1TB + SSD 128GB, NVIDIA GeForce GTX 1060 6GB, Free Dos"
Laptop Gaming ASUS ROG Strix Scar II GL504GS-ES056,DA,700 lei,7899.9 lei,"8.599,90 lei",In Stoc,https://altex.ro/laptop-gaming-asus-rog-strix-scar-ii-gl504gs-es056-15-6-full-hd-intel-core-i7-8750h-pana-la-4-1ghz-16gb-sshd-1tb-ssd-256gb-nvidia-geforce-gtx-1070-8gb-free-dos/cpd/LAPGL504GSES056/,"Procesor 15.6"" Full HD, Intel Core i7-8750H pana la 4.1GHz, 16GB, SSHD 1TB + SSD 256GB, NVIDIA GeForce GTX 1070 8GB, Free Dos"
"Laptop APPLE MacBook Pro 13"" Retina Display mpxt2ze/a",DA,600 lei,7899.9 lei,"8.499,90 lei",In Stoc,https://altex.ro/laptop-apple-macbook-pro-13-retina-display-mpxt2ze-a-intelr-coretm-i5-pana-la-3-6ghz-8gb-256gb-intel-iris-plus-graphics-640-macos-sierra-space-gray-tastatura-layout-int/cpd/LAPMPXT2ZEA/,"Procesor Intel® Core™ i5 pana la 3.6GHz, 8GB, 256GB, Intel Iris Plus Graphics 640, macOS Sierra, Space Gray - Tastatura layout INT"
Laptop Gaming MSI GE63 Raider RGB 8RE,NU,,7699.9 lei,,In Stoc,https://altex.ro/laptop-gaming-msi-ge63-raider-rgb-8re-intel-core-i7-8750h-pana-la-4-1ghz-15-6-full-hd-16gb-ssd-128gb-1tb-nvidia-geforce-gtx-1060-6gb-free-dos/cpd/LAPGE638RE/,"Procesor Intel Core i7-8750H pana la 4.1GHz, 15.6"" Full HD, 16GB, SSD 128GB + 1TB, NVIDIA GeForce GTX 1060 6GB, Free Dos"
Laptop ASUS ZenBook 3 UX390UA-GS075T,NU,,7599.9 lei,,In Stoc,https://altex.ro/laptop-asus-zenbook-3-ux390ua-gs075t-intelr-coretm-i7-7500u-pana-la-3-5ghz-12-5-full-hd-8gb-ssd-512gb-intelr-hd-graphics-620-windows-10/cpd/LAPUX390UAGS075/,"Procesor Intel® Core™ i7-7500U pana la 3.5GHz, 12.5"" Full HD, 8GB, SSD 512GB, Intel® HD Graphics 620, Windows 10"
Laptop APPLE MacBook Air 13 mref2ze/a,NU,,7599.9 lei,,Disponibil la precomanda,https://altex.ro/laptop-apple-macbook-air-13-mref2ze-a-intel-core-i5-pana-la-3-6ghz-13-3-ips-retina-8gb-ssd-256gb-intel-uhd-graphics-617-macos-mojave-layout-int-gold/cpd/LAPMREF2ZEA/,"Procesor Intel Core i5 pana la 3.6GHz, 13.3"" IPS Retina, 8GB, SSD 256GB, Intel UHD Graphics 617, macOS Mojave, Layout INT, Gold"
Laptop APPLE MacBook Air 13 mref2ro/a,NU,,7599.9 lei,,Disponibil la precomanda,https://altex.ro/laptop-apple-macbook-air-13-mref2ro-a-intel-core-i5-pana-la-3-6ghz-13-3-ips-retina-8gb-ssd-256gb-intel-uhd-graphics-617-macos-mojave-layout-ro-gold/cpd/LAPMREF2ROA/,"Procesor Intel Core i5 pana la 3.6GHz, 13.3"" IPS Retina, 8GB, SSD 256GB, Intel UHD Graphics 617, macOS Mojave, Layout RO, Gold"
Laptop ASUS ZenBook 3 UX390UA-GS076T,NU,,7599.9 lei,,In Stoc,https://altex.ro/laptop-asus-zenbook-3-ux390ua-gs076t-intelr-coretm-i7-7500u-pana-la-3-5ghz-12-5-full-hd-8gb-ssd-512gb-intelr-hd-graphics-620-windows-10/cpd/LAPUX390UAGS076/,"Procesor Intel® Core™ i7-7500U pana la 3.5GHz, 12.5"" Full HD, 8GB, SSD 512GB, Intel® HD Graphics 620, Windows 10"
Laptop ASUS ZenBook 3 UX390UA-GS073T,NU,,7599.9 lei,,In Stoc,https://altex.ro/laptop-asus-zenbook-3-ux390ua-gs073t-intelr-coretm-i7-7500u-pana-la-3-5ghz-12-5-full-hd-8gb-ssd-512gb-intelr-hd-graphics-620-windows-10/cpd/LAPUX390UAGS073/,"Procesor Intel® Core™ i7-7500U pana la 3.5GHz, 12.5"" Full HD, 8GB, SSD 512GB, Intel® HD Graphics 620, Windows 10"
Laptop APPLE MacBook Air 13 mrec2ro/a,NU,,7599.9 lei,,In Stoc,https://altex.ro/laptop-apple-macbook-air-13-mrec2ro-a-intel-core-i5-pana-la-3-6ghz-13-3-ips-retina-8gb-ssd-256gb-intel-uhd-graphics-617-macos-mojave-layout-ro-silver/cpd/LAPMREC2ROA/,"Procesor Intel Core i5 pana la 3.6GHz, 13.3"" IPS Retina, 8GB, SSD 256GB, Intel UHD Graphics 617, macOS Mojave, Layout RO, Silver"
Laptop APPLE MacBook Air 13 mrec2ze/a,NU,,7599.9 lei,,Disponibil la precomanda,https://altex.ro/laptop-apple-macbook-air-13-mrec2ze-a-intel-core-i5-pana-la-3-6ghz-13-3-ips-retina-8gb-ssd-256gb-intel-uhd-graphics-617-macos-mojave-layout-int-silver/cpd/LAPMREC2ZEA/,"Procesor Intel Core i5 pana la 3.6GHz, 13.3"" IPS Retina, 8GB, SSD 256GB, Intel UHD Graphics 617, macOS Mojave, Layout INT, Silver"
Ultrabook ASUS ZenBook Pro UX550GD-BN017R,DA,900 lei,7499.9 lei,"8.399,90 lei",In Stoc,https://altex.ro/ultrabook-asus-zenbook-pro-ux550gd-bn017r-intel-core-i7-8750h-pana-la-4-1ghz-15-6-full-hd-16gb-ssd-512gb-nvidia-geforce-gtx-1050-4gb-windows-10-pro/cpd/LAP90NB0HV3M002/,"Procesor Intel Core i7-8750H pana la 4.1GHz, 15.6"" Full HD, 16GB, SSD 512GB, NVIDIA GeForce GTX 1050 4GB, Windows 10 Pro"
Laptop ACER Switch 7 SW713-51GNP,DA,600 lei,7399.9 lei,"7.999,90 lei",In Stoc,https://altex.ro/laptop-acer-switch-7-sw713-51gnp-intelr-coretm-i7-8550u-pana-la-4-0ghz-13-5-qhd-touch-16gb-ssd-512gb-nvidia-geforce-mx150-2gb-windows-10-pro/cpd/LAPNTLEPEX001/,"Procesor  Intel® Core™ i7-8550U pana la 4.0GHz, 13.5"" QHD Touch, 16GB, SSD 512GB, NVIDIA GeForce MX150 2GB, Windows 10 Pro"
Laptop Gaming Omen by HP 15-dc0024nq,NU,,7299.9 lei,,In Stoc,https://altex.ro/laptop-gaming-omen-by-hp-15-dc0024nq-intel-core-i7-8750h-pana-la-4-1ghz-15-6-full-hd-8gb-hdd-1tb-ssd-128gb-nvidia-geforce-gtx-1060-6gb-free-dos/cpd/LAP4TU21EA/,"Procesor Intel Core i7-8750H pana la 4.1GHz, 15.6"" Full HD, 8GB, HDD 1TB + SSD 128GB, NVIDIA GeForce GTX 1060 6GB, Free Dos"
Laptop APPLE MacBook 12 mrqn2ro/a,NU,,7299.9 lei,,In Stoc,https://altex.ro/laptop-apple-macbook-12-mrqn2ro-a-intel-core-m3-pana-la-3-0ghz-12-ips-retina-8gb-ssd-256gb-intel-hd-graphics-615-macos-mojave-layout-ro-gold/cpd/LAPMRQN2ROA/,"Procesor Intel Core m3 pana la 3.0GHz, 12"" IPS Retina, 8GB, SSD 256GB, Intel HD Graphics 615, macOS Mojave, Layout RO, Gold"
Laptop APPLE MacBook 12 mrqn2ze/a,NU,,7299.9 lei,,In Stoc,https://altex.ro/laptop-apple-macbook-12-mrqn2ze-a-intel-core-m3-pana-la-3-0ghz-12-ips-retina-8gb-ssd-256gb-intel-hd-graphics-615-macos-mojave-layout-int-gold/cpd/LAPMRQN2ZEA/,"Procesor Intel Core m3 pana la 3.0GHz, 12"" IPS Retina, 8GB, SSD 256GB, Intel HD Graphics 615, macOS Mojave, Layout INT, Gold"
Laptop DELL XPS 13 9360,NU,,7299.9 lei,,In Stoc,https://altex.ro/laptop-dell-xps-13-9360-intelr-core-i5-8250u-pana-la-3-4ghz-13-3-full-hd-8gb-ssd-256gb-intelr-uhd-graphics-620-windows-10-pro/cpd/LAP93606355/,"Procesor Intel® Core i5-8250U pana la 3.4GHz, 13.3"" Full HD, 8GB, SSD 256GB, Intel® UHD Graphics 620, Windows 10 Pro"
Laptop Gaming DELL G5 5587,DA,700 lei,7199.9 lei,"7.899,90 lei",In Stoc,https://altex.ro/laptop-gaming-dell-g5-5587-intelr-coretm-i7-8750h-pana-la-4-1ghz-15-6-uhd-16gb-1tb-ssd-512gb-nvidia-geforce-gtx-1060-6gb-ubuntu/cpd/LAP55878643/,"Procesor Intel® Core™ i7-8750H pana la 4.1GHz, 15.6"" UHD, 16GB, 1TB + SSD 512GB, NVIDIA GeForce GTX 1060 6GB, Ubuntu"
Laptop 2 in 1 ASUS ZenBook Flip S UX370UA-C4195T,NU,,7199.9 lei,,In Stoc,https://altex.ro/laptop-2-in-1-asus-zenbook-flip-s-ux370ua-c4195t-intelr-coretm-i7-8550u-pana-la-4-0ghz-13-3-full-hd-touch-16gb-ssd-512gb-intelr-uhd-graphics-620-windows-10-home/cpd/TPCUX370UAC4195/,"Procesor Intel® Core™ i7-8550U pana la 4.0GHz, 13.3"" Full HD Touch, 16GB, SSD 512GB, Intel® UHD Graphics 620, Windows 10 Home"
Laptop 2 in 1 ASUS ZenBook Flip 14 UX461UN-E1017T,NU,,7099.9 lei,,In Stoc,https://altex.ro/laptop-2-in-1-asus-zenbook-flip-14-ux461un-e1017t-intelr-coretm-i7-8550u-pana-la-4-0ghz-14-full-hd-8gb-ssd-512gb-nvidia-geforce-mx150-2gb-windows-10-home/cpd/TPCUX461E1017T/,"Procesor Intel® Core™ i7-8550U pana la 4.0GHz, 14"" Full HD, 8GB, SSD 512GB, NVIDIA GeForce MX150 2GB, Windows 10 Home"
Laptop 2 in 1 ASUS ZenBook Flip S UX370UA-C4229T,NU,,6999.9 lei,,In Stoc,https://altex.ro/laptop-2-in-1-asus-zenbook-flip-s-ux370ua-c4229t-intelr-coretm-i7-8550u-pana-la-4-0ghz-13-3-full-hd-16gb-ssd-256gb-intelr-uhd-graphics-620-windows-10-home/cpd/TPCUX370C4229T/,"Procesor Intel® Core™ i7-8550U pana la 4.0GHz, 13.3"" Full HD, 16GB, SSD 256GB, Intel® UHD Graphics 620, Windows 10 Home"
Laptop LENOVO Legion Y720-15IKB,DA,400 lei,6999.9 lei,"7.399,90 lei",In Stoc,https://altex.ro/laptop-lenovo-legion-y720-15ikb-intel-core-i7-7700hq-pana-la-3-8ghz-15-6-full-hd-16gb-hdd-1tb-ssd-512gb-nvidia-geforce-gtx-1060-6gb-windows-10-home/cpd/LAP80VR003ERI/,"Procesor Intel Core i7-7700HQ pana la 3.8GHz, 15.6"" Full HD, 16GB, HDD 1TB + SSD 512GB, NVIDIA GeForce GTX 1060 6GB, Windows 10 Home"
Laptop Gaming Omen by HP 17-an105nq,DA,700 lei,6899.9 lei,"7.599,90 lei",In Stoc,https://altex.ro/laptop-gaming-omen-by-hp-17-an105nq-intel-core-i7-8750h-pana-la-4-1ghz-17-3-full-hd-8gb-hdd-1tb-ssd-128gb-nvidia-geforce-gtx-1060-6gb-windows-10-home/cpd/LAP4MG62EA/,"Procesor Intel Core i7-8750H pana la 4.1GHz, 17.3"" Full HD, 8GB, HDD 1TB + SSD 128GB, NVIDIA GeForce GTX 1060 6GB, Windows 10 Home"
Laptop 2 in 1 ACER Spin SP714-51-M8MS,NU,,6899.9 lei,,In Stoc,https://altex.ro/laptop-2-in-1-acer-spin-sp714-51-m8ms-intelr-coretm-i7-7y75-pana-la-3-6ghz-14-ips-full-hd-8gb-ssd-512gb-intelr-hd-graphics-615-windows-10-home/cpd/TPCNXGKPEX013/,"Procesor Intel® Core™ i7-7Y75 pana la 3.6GHz, 14"" IPS Full HD, 8GB, SSD 512GB, Intel® HD Graphics 615, Windows 10 Home"
Laptop 2 in 1 LENOVO Yoga C930-13IKB,DA,700 lei,6799.9 lei,"7.499,90 lei",In Stoc,https://altex.ro/laptop-2-in-1-lenovo-yoga-c930-13ikb-intelr-coretm-i7-8550u-pana-la-4-0ghz-13-9-full-hd-touch-ssd-512gb-8gb-intelr-uhd-graphics-620-windows-10-home-iron-grey/cpd/TPC81C4006ARM/,"Procesor Intel® Core™ i7-8550U pana la 4.0GHz, 13.9"" Full HD Touch, SSD 512GB, 8GB,  Intel® UHD Graphics 620 , Windows 10 Home, Iron Grey"
"Laptop APPLE MacBook Pro 13"" Retina Display mpxr2ro/a",DA,500 lei,6799.9 lei,"7.299,90 lei",In Stoc,https://altex.ro/laptop-apple-macbook-pro-13-retina-display-mpxr2ro-a-intelr-coretm-i5-pana-la-3-6ghz-8gb-128gb-intel-iris-plus-graphics-640-macos-sierra-argintiu-tastatura-layout-ro/cpd/LAPMPXR2ROA/,"Procesor Intel® Core™ i5 pana la 3.6GHz, 8GB, 128GB, Intel Iris Plus Graphics 640, macOS Sierra, Argintiu - Tastatura layout RO"
"Laptop APPLE MacBook 12"" Retina Display mnyk2ro/a",DA,500 lei,6799.9 lei,"7.299,90 lei",In Stoc,https://altex.ro/laptop-apple-macbook-12-retina-display-mnyk2ro-a-intelr-coretm-m3-pana-la-3-0ghz-8gb-256gb-intel-hd-graphics-615-macos-sierra-gold-tastatura-layout-ro/cpd/LAPMNYK2ROA/,"Procesor Intel® Core™ m3 pana la 3.0GHz, 8GB, 256GB, Intel HD Graphics 615, MacOS Sierra, Gold - Tastatura layout RO"
"Laptop APPLE MacBook 12"" Retina Display mnyf2ze/a",DA,500 lei,6799.9 lei,"7.299,90 lei",In Stoc,https://altex.ro/laptop-apple-macbook-12-retina-display-mnyf2ze-a-intelr-coretm-m3-pana-la-3-0ghz-8gb-256gb-intel-hd-graphics-615-macos-sierra-space-gray-tastatura-layout-int/cpd/LAPMNYF2ZEA/,"Procesor Intel® Core™ m3 pana la 3.0GHz, 8GB, 256GB, Intel HD Graphics 615, macOS Sierra, Space Gray - Tastatura layout INT"
"Laptop APPLE MacBook 12"" Retina Display mnyf2ro/a",DA,500 lei,6799.9 lei,"7.299,90 lei",In Stoc,https://altex.ro/laptop-apple-macbook-12-retina-display-mnyf2ro-a-intelr-coretm-m3-pana-la-3-0ghz-8gb-256gb-intel-hd-graphics-615-macos-sierra-space-gray-tastatura-layout-ro/cpd/LAPMNYF2ROA/,"Procesor Intel® Core™ m3 pana la 3.0GHz, 8GB, 256GB, Intel HD Graphics 615, macOS Sierra, Space Gray - Tastatura layout RO"
"Laptop APPLE MacBook 12"" Retina Display mnyk2ze/a",DA,500 lei,6799.9 lei,"7.299,90 lei",In Stoc,https://altex.ro/laptop-apple-macbook-12-retina-display-mnyk2ze-a-intelr-coretm-m3-pana-la-3-0ghz-8gb-256gb-intel-hd-graphics-615-macos-sierra-gold-tastatura-layout-int/cpd/LAPMNYK2ZEA/,"Procesor Intel® Core™ m3 pana la 3.0GHz, 8GB, 256GB, Intel HD Graphics 615, MacOS Sierra, Gold - Tastatura layout INT"
"Laptop APPLE MacBook Pro 13"" Retina Display mpxq2ze/a",DA,500 lei,6799.9 lei,"7.299,90 lei",In Stoc,https://altex.ro/laptop-apple-macbook-pro-13-retina-display-mpxq2ze-a-intelr-coretm-i5-pana-la-3-6ghz-8gb-128gb-intel-iris-plus-graphics-640-macos-sierra-space-gray-tastatura-layout-int/cpd/LAPMPXQ2ZEA/,"Procesor Intel® Core™ i5 pana la 3.6GHz, 8GB, 128GB, Intel Iris Plus Graphics 640, macOS Sierra, Space Gray - Tastatura layout INT"
"Laptop APPLE MacBook Pro 13"" Retina Display mpxq2ro/a",DA,500 lei,6799.9 lei,"7.299,90 lei",In Stoc,https://altex.ro/laptop-apple-macbook-pro-13-retina-display-mpxq2ro-a-intelr-coretm-i5-pana-la-3-6ghz-8gb-128gb-intel-iris-plus-graphics-640-macos-sierra-space-gray-tastatura-layout-ro/cpd/LAPMPXQ2ROA/,"Procesor Intel® Core™ i5 pana la 3.6GHz, 8GB, 128GB, Intel Iris Plus Graphics 640, macOS Sierra, Space Gray - Tastatura layout RO"
"Laptop APPLE MacBook 12"" Retina Display mnym2ze/a",DA,500 lei,6799.9 lei,"7.299,90 lei",In Stoc,https://altex.ro/laptop-apple-macbook-12-retina-display-mnym2ze-a-intelr-coretm-m3-pana-la-3-0ghz-8gb-256gb-intel-hd-graphics-615-macos-sierra-rose-gold-tastatura-layout-int/cpd/LAPMNYM2ZEA/,"Procesor Intel® Core™ m3 pana la 3.0GHz, 8GB, 256GB, Intel HD Graphics 615, MacOS Sierra, Rose Gold - Tastatura layout INT"
Laptop Gaming DELL Inspiron 7577,NU,,6799.9 lei,,In Stoc,https://altex.ro/laptop-gaming-dell-inspiron-7577-intelr-coretm-i7-7700hq-pana-la-3-8ghz-15-6-full-hd-16gb-hdd-1tb-ssd-256gb-nvidia-geforce-gtx-1060-6gb-windows-10-home/cpd/LAP7577-8093/,"Procesor Intel® Core™ i7-7700HQ pana la 3.8GHz, 15.6"" Full HD, 16GB, HDD 1TB + SSD 256GB, NVIDIA GeForce GTX 1060 6GB, Windows 10 Home"
"Laptop APPLE MacBook 12"" Retina Display mnym2ro/a",DA,500 lei,6799.9 lei,"7.299,90 lei",In Stoc,https://altex.ro/laptop-apple-macbook-12-retina-display-mnym2ro-a-intelr-coretm-m3-pana-la-3-0ghz-8gb-256gb-intel-hd-graphics-615-macos-sierra-rose-gold-tastatura-layout-ro/cpd/LAPMNYM2ROA/,"Procesor Intel® Core™ m3 pana la 3.0GHz, 8GB, 256GB, Intel HD Graphics 615, MacOS Sierra, Rose Gold - Tastatura layout RO"
Laptop HP Spectre x360 13-ae005nn,DA,500 lei,6699.9 lei,"7.199,90 lei",In Stoc,https://altex.ro/laptop-hp-spectre-x360-13-ae005nn-intelr-coretm-i7-8550u-pana-la-4-0ghz-13-3-full-hd-touch-16gb-ssd-512gb-intelr-uhd-graphics-620-windows-10-home/cpd/TPC2ZG90EA/,"Procesor Intel® Core™ i7-8550U pana la 4.0GHz, 13.3"" Full HD Touch, 16GB, SSD 512GB, Intel® UHD Graphics 620, Windows 10 Home"
Laptop 2 in 1 LENOVO Yoga 730-13IKB,NU,,6699.9 lei,,In Stoc,https://altex.ro/laptop-2-in-1-lenovo-yoga-730-13ikb-intel-core-i7-8550u-pana-la-4-0ghz-13-3-4k-touch-display-16gb-ssd-512gb-intel-uhd-graphics-620-windows-10-home-cooper/cpd/TPC81CT0089RM/,"Procesor Intel Core i7-8550U pana la 4.0GHz, 13.3"" 4K Touch Display, 16GB, SSD 512GB, Intel UHD Graphics 620, Windows 10 Home, Cooper"
Laptop 2 in 1 ASUS ZenBook Flip S UX370UA-C4219T,NU,,6699.9 lei,,In Stoc,https://altex.ro/laptop-2-in-1-asus-zenbook-flip-s-ux370ua-c4219t-13-3-full-hd-touch-intel-core-i7-8550u-pana-la-4-0ghz-8gb-ssd-256gb-intel-uhd-graphics-620-windows-10-home/cpd/TPCUX370UAC4219/,"Procesor 13.3"" Full HD Touch, Intel Core i7-8550U pana la 4.0GHz, 8GB, SSD 256GB, Intel UHD Graphics 620, Windows 10 Home"
Laptop ASUS ZenBook Pro UX550VE-BN014R,NU,,6649.9 lei,,In Stoc,https://altex.ro/laptop-asus-zenbook-pro-ux550ve-bn014r-intel-core-i7-7700hq-pana-la-3-8ghz-15-6-full-hd-8gb-ssd-256gb-nvidia-geforce-gtx-1050-ti-4gb-windows-10-pro-blue/cpd/LAPUX550VEBN014/,"Procesor Intel Core i7-7700HQ pana la 3.8GHz, 15.6"" Full HD, 8GB, SSD 256GB, NVIDIA GeForce GTX 1050 Ti 4GB, Windows 10 Pro, Blue"
Laptop 2 in 1 ASUS ZenBook Flip S UX370UA-C4095T,NU,,6599.9 lei,,In Stoc,https://altex.ro/laptop-2-in-1-asus-zenbook-flip-s-ux370ua-c4095t-intelr-coretm-i7-7500u-pana-la-3-5ghz-13-3-full-hd-16gb-ssd-256gb-intelr-hd-graphics-620-windows-10/cpd/LAPUX370UAC4095/,"Procesor Intel® Core™ i7-7500U pana la 3.5GHz, 13.3"" Full HD, 16GB, SSD 256GB, Intel® HD Graphics 620, Windows 10"
Laptop Gaming MSI GP63 Leopard 8RE,NU,,6599.9 lei,,In Stoc,https://altex.ro/laptop-gaming-msi-gp63-leopard-8re-intelr-coretm-i7-8750h-pana-la-4-1ghz-15-6-full-hd-8gb-hdd-1tb-ssd-128gb-nvidia-geforce-gtx-1060-6gb-free-dos/cpd/LAP9S716P522213/,"Procesor Intel® Core™ i7-8750H pana la 4.1GHz, 15.6"" Full HD, 8GB, HDD 1TB + SSD 128GB, NVIDIA GeForce GTX 1060 6GB, Free Dos"
Laptop 2 in 1 DELL Inspiron 7773,DA,500 lei,6599.9 lei,"7.099,90 lei",In Stoc,https://altex.ro/laptop-2-in-1-dell-inspiron-7773-intelr-coretm-i7-8550u-pana-la-4-0ghz-17-3-full-hd-touch-16gb-ssd-512gb-nvidia-geforce-mx150-2gb-windows-10-home/cpd/TPC77730581/,"Procesor Intel® Core™ i7-8550U pana la 4.0GHz, 17.3"" Full HD Touch, 16GB, SSD 512GB, NVIDIA GeForce MX150 2GB, Windows 10 Home"
Laptop 2 in 1 ASUS ZenBook Flip 14 UX461UN-E1016T,NU,,6599.9 lei,,In Stoc,https://altex.ro/laptop-2-in-1-asus-zenbook-flip-14-ux461un-e1016t-intelr-coretm-i7-8550u-pana-la-4-0ghz-14-full-hd-8gb-ssd-256gb-nvidia-geforce-mx150-2gb-windows-10-home/cpd/TPCUX461E1016T/,"Procesor Intel® Core™ i7-8550U pana la 4.0GHz, 14"" Full HD, 8GB, SSD 256GB, NVIDIA GeForce MX150 2GB, Windows 10 Home"
Laptop APPLE MacBook Air 13 mre82ze/a,NU,,6499.9 lei,,In Stoc,https://altex.ro/laptop-apple-macbook-air-13-mre82ze-a-intel-core-i5-pana-la-3-6ghz-13-3-ips-retina-8gb-ssd-128gb-intel-uhd-graphics-617-macos-mojave-layout-int-space-gray/cpd/LAPMRE82ZEA/,"Procesor Intel Core i5 pana la 3.6GHz, 13.3"" IPS Retina, 8GB, SSD 128GB, Intel UHD Graphics 617, macOS Mojave, Layout INT, Space Gray"
Laptop APPLE MacBook Air 13 mree2ro/a,NU,,6499.9 lei,,In Stoc,https://altex.ro/laptop-apple-macbook-air-13-mree2ro-a-intel-core-i5-pana-la-3-6ghz-13-3-ips-retina-8gb-ssd-128gb-intel-uhd-graphics-617-macos-mojave-layout-ro-gold/cpd/LAPMREE2ROA/,"Procesor Intel Core i5 pana la 3.6GHz, 13.3"" IPS Retina, 8GB, SSD 128GB, Intel UHD Graphics 617, macOS Mojave, Layout RO, Gold"
Laptop 2 in 1 DELL Inspiron 7773,DA,1000 lei,6499.9 lei,"7.499,90 lei",In Stoc,https://altex.ro/laptop-2-in-1-dell-inspiron-7773-intelr-coretm-i7-8550u-pana-la-4-0ghz-17-3-full-hd-touch-16gb-ssd-512gb-nvidia-geforce-mx150-2gb-windows-10-pro/cpd/TPC77737337/,"Procesor Intel® Core™ i7-8550U pana la 4.0GHz, 17.3"" Full HD Touch, 16GB, SSD 512GB, NVIDIA GeForce MX150 2GB, Windows 10 Pro"
Laptop APPLE MacBook Air 13 mre82ro/a,NU,,6499.9 lei,,In Stoc,https://altex.ro/laptop-apple-macbook-air-13-mre82ro-a-intel-core-i5-pana-la-3-6ghz-13-3-ips-retina-8gb-ssd-128gb-intel-uhd-graphics-617-macos-mojave-layout-ro-space-gray/cpd/LAPMRE82ROA/,"Procesor Intel Core i5 pana la 3.6GHz, 13.3"" IPS Retina, 8GB, SSD 128GB, Intel UHD Graphics 617, macOS Mojave, Layout RO, Space Gray"
Laptop 2 in 1 LENOVO Yoga 730-13IKB,NU,,6499.9 lei,,In Stoc,https://altex.ro/laptop-2-in-1-lenovo-yoga-730-13ikb-intel-core-i7-8550u-pana-la-4-0ghz-13-3-4k-touch-display-8gb-ssd-512gb-intel-uhd-graphics-620-windows-10-home-platinum/cpd/TPC81CT0087RM/,"Procesor Intel Core i7-8550U pana la 4.0GHz, 13.3"" 4K Touch Display, 8GB, SSD 512GB, Intel UHD Graphics 620, Windows 10 Home, Platinum"
Laptop APPLE MacBook Air 13 mree2ze/a,NU,,6499.9 lei,,In Stoc,https://altex.ro/laptop-apple-macbook-air-13-mree2ze-a-intel-core-i5-pana-la-3-6ghz-13-3-ips-retina-8gb-ssd-128gb-intel-uhd-graphics-617-macos-mojave-layout-int-gold/cpd/LAPMREE2ZEA/,"Procesor Intel Core i5 pana la 3.6GHz, 13.3"" IPS Retina, 8GB, SSD 128GB, Intel UHD Graphics 617, macOS Mojave, Layout INT, Gold"
Laptop Gaming ASUS ROG Strix Scar II GL504GM-ES164T,DA,800 lei,6499.9 lei,"7.299,90 lei",In Stoc,https://altex.ro/laptop-gaming-asus-rog-strix-scar-ii-gl504gm-es164t-intel-core-i7-8750h-pana-la-4-1ghz-15-6-full-hd-8gb-sshd-1tb-ssd-256gb-nvidia-geforce-gtx-1060-6gb-windows-10-home/cpd/LAPGL504GMES164/,"Procesor Intel Core i7-8750H pana la 4.1GHz, 15.6"" Full HD, 8GB, SSHD 1TB + SSD 256GB, NVIDIA GeForce GTX 1060 6GB, Windows 10 Home"
Laptop Gaming MSI GF72 8RE,NU,,6499.9 lei,,In Stoc,https://altex.ro/laptop-gaming-msi-gf72-8re-intel-core-i7-8750h-pana-la-4-1ghz-17-3-full-hd-8gb-ssd-128gb-1tb-nvidia-geforce-gtx-1060-6gb-free-dos/cpd/LAPGF728RE/,"Procesor Intel Core i7-8750H pana la 4.1GHz, 17.3"" Full HD, 8GB, SSD 128GB + 1TB, NVIDIA GeForce GTX 1060 6GB, Free Dos"
Laptop 2 in 1 LENOVO Yoga 730-13IKB,NU,,6499.9 lei,,In Stoc,https://altex.ro/laptop-2-in-1-lenovo-yoga-730-13ikb-intel-core-i7-8550u-pana-la-4-0ghz-13-3-4k-touch-display-8gb-ssd-512gb-intel-uhd-graphics-620-windows-10-home/cpd/TPC81CT0088RM/,"Procesor Intel Core i7-8550U pana la 4.0GHz, 13.3"" 4K Touch Display, 8GB, SSD 512GB, Intel UHD Graphics 620, Windows 10 Home"
Laptop Gaming ASUS ROG Strix Hero II GL504GM-ES057,NU,,6499.9 lei,,In Stoc,https://altex.ro/laptop-gaming-asus-rog-strix-hero-ii-gl504gm-es057-intel-core-i7-8750h-pana-la-4-1ghz-15-6-full-hd-8gb-hdd-1tb-ssd-128gb-nvidia-geforce-gtx-1060-6gb-free-dos/cpd/LAPGL504GMES057/,"Procesor Intel Core i7-8750H pana la 4.1GHz, 15.6"" Full HD, 8GB, HDD 1TB + SSD 128GB, NVIDIA GeForce GTX 1060 6GB, Free Dos"
Laptop APPLE MacBook Air 13 mrea2ze/a,NU,,6499.9 lei,,In Stoc,https://altex.ro/laptop-apple-macbook-air-13-mrea2ze-a-intel-core-i5-pana-la-3-6ghz-13-3-ips-retina-8gb-ssd-128gb-intel-uhd-graphics-617-macos-mojave-layout-int-silver/cpd/LAPMREA2ZEA/,"Procesor Intel Core i5 pana la 3.6GHz, 13.3"" IPS Retina, 8GB, SSD 128GB, Intel UHD Graphics 617, macOS Mojave, Layout INT, Silver"
Laptop 2 in 1 LENOVO YOGA 900S-12ISK,NU,,6499.9 lei,,In Stoc,https://altex.ro/laptop-2-in-1-lenovo-yoga-900s-12isk-intelr-coretm-m7-6y75-pana-la-3-1ghz-12-5-qhd-8gb-ssd-512gb-intelr-hd-graphics-515-windows-10-gold/cpd/TPC80ML005WRI/,"Procesor Intel® Core™ m7-6Y75 pana la 3.1GHz, 12.5"" QHD, 8GB, SSD 512GB, Intel® HD Graphics 515, Windows 10, Gold"
